"Date","Price","Open","High","Low","Vol.","Change %"
"12/31/2024","1,346.50","1,331.00","1,347.00","1,329.00","1.74M","0.94%"
"12/30/2024","1,334.00","1,341.50","1,346.00","1,330.50","4.70M","-0.63%"
"12/27/2024","1,342.50","1,338.00","1,345.00","1,335.50","3.34M","0.22%"
"12/24/2024","1,339.50","1,341.50","1,346.50","1,339.50","1.96M","0.41%"
"12/23/2024","1,334.00","1,319.50","1,338.00","1,317.50","3.70M","1.06%"
"12/20/2024","1,320.00","1,308.50","1,323.50","1,302.50","14.00M","-0.15%"
"12/19/2024","1,322.00","1,327.00","1,333.00","1,315.50","7.85M","-0.90%"
"12/18/2024","1,334.00","1,337.50","1,339.00","1,325.50","6.64M","0.04%"
"12/17/2024","1,333.50","1,303.00","1,345.00","1,301.00","7.82M","1.06%"
"12/16/2024","1,319.50","1,321.50","1,330.00","1,311.00","8.01M","-0.75%"
"12/13/2024","1,329.50","1,333.50","1,335.50","1,322.50","5.50M","-0.34%"
"12/12/2024","1,334.00","1,336.00","1,340.00","1,330.00","6.66M","-0.48%"
"12/11/2024","1,340.50","1,364.00","1,368.00","1,340.00","15.02M","-2.40%"
"12/10/2024","1,373.50","1,385.00","1,398.00","1,373.50","6.02M","-0.69%"
"12/09/2024","1,383.00","1,350.00","1,386.50","1,345.50","7.30M","2.90%"
"12/06/2024","1,344.00","1,343.50","1,355.00","1,338.50","10.90M","0.19%"
"12/05/2024","1,341.50","1,345.50","1,356.00","1,330.00","6.61M","-1.00%"
"12/04/2024","1,355.00","1,366.00","1,366.50","1,347.00","14.44M","-0.95%"
"12/03/2024","1,368.00","1,341.00","1,372.00","1,341.00","7.98M","1.98%"
"12/02/2024","1,341.50","1,335.00","1,345.00","1,332.50","5.01M","0.49%"
"11/29/2024","1,335.00","1,330.00","1,340.00","1,324.50","4.68M","-0.41%"
"11/28/2024","1,340.50","1,342.50","1,346.00","1,331.50","4.24M","-0.26%"
"11/27/2024","1,344.00","1,343.00","1,347.50","1,334.50","4.02M","0.45%"
"11/26/2024","1,338.00","1,348.00","1,351.50","1,337.00","5.80M","-0.63%"
"11/25/2024","1,346.50","1,341.00","1,348.50","1,335.50","12.02M","0.34%"
"11/22/2024","1,342.00","1,325.00","1,342.50","1,319.50","7.50M","2.48%"
"11/21/2024","1,309.50","1,300.00","1,315.00","1,300.00","5.88M","0.73%"
"11/20/2024","1,300.00","1,306.50","1,310.00","1,299.50","15.26M","-0.27%"
"11/19/2024","1,303.50","1,318.50","1,321.50","1,294.50","16.25M","-0.50%"
"11/18/2024","1,310.00","1,312.00","1,319.50","1,299.00","12.02M","0.69%"
"11/15/2024","1,301.00","1,314.00","1,325.50","1,282.50","13.98M","-3.88%"
"11/14/2024","1,353.50","1,353.50","1,364.50","1,343.50","8.67M","-0.62%"
"11/13/2024","1,362.00","1,373.00","1,376.50","1,352.50","12.35M","-0.55%"
"11/12/2024","1,369.50","1,376.00","1,380.00","1,353.00","8.57M","-1.97%"
"11/11/2024","1,397.00","1,385.00","1,407.00","1,381.50","5.62M","1.16%"
"11/08/2024","1,381.00","1,396.00","1,398.50","1,367.00","10.15M","0.07%"
"11/07/2024","1,380.00","1,375.00","1,385.00","1,369.00","8.67M","0.69%"
"11/06/2024","1,370.50","1,391.00","1,415.50","1,368.50","16.24M","-1.51%"
"11/05/2024","1,391.50","1,414.00","1,414.50","1,387.50","4.81M","-1.59%"
"11/04/2024","1,414.00","1,410.50","1,420.50","1,409.00","4.84M","-0.39%"
"11/01/2024","1,419.50","1,414.50","1,435.00","1,409.50","7.25M","1.94%"
"10/31/2024","1,392.50","1,396.50","1,401.50","1,373.00","15.72M","-1.03%"
"10/30/2024","1,407.00","1,400.00","1,452.00","1,382.50","15.88M","-3.07%"
"10/29/2024","1,451.50","1,453.00","1,462.00","1,449.50","9.47M","-0.03%"
"10/28/2024","1,452.00","1,440.00","1,456.50","1,431.50","11.47M","0.24%"
"10/25/2024","1,448.50","1,448.00","1,452.50","1,435.00","6.75M","-0.48%"
"10/24/2024","1,455.50","1,457.50","1,462.50","1,449.50","6.55M","0.52%"
"10/23/2024","1,448.00","1,454.00","1,463.00","1,444.50","5.51M","-0.38%"
"10/22/2024","1,453.50","1,458.50","1,464.00","1,447.00","4.82M","-0.72%"
"10/21/2024","1,464.00","1,474.00","1,477.00","1,461.50","4.10M","-0.81%"
"10/18/2024","1,476.00","1,489.50","1,499.50","1,465.50","12.30M","-1.37%"
"10/17/2024","1,496.50","1,504.50","1,505.00","1,491.50","5.83M","0.03%"
"10/16/2024","1,496.00","1,491.50","1,504.00","1,484.50","6.60M","0.13%"
"10/15/2024","1,494.00","1,494.00","1,501.00","1,479.50","8.58M","-0.03%"
"10/14/2024","1,494.50","1,483.00","1,501.00","1,482.50","8.34M","0.98%"
"10/11/2024","1,480.00","1,494.00","1,503.00","1,477.50","8.86M","-1.66%"
"10/10/2024","1,505.00","1,559.50","1,559.50","1,500.00","18.07M","3.22%"
"10/09/2024","1,458.00","1,447.00","1,460.00","1,441.50","8.11M","0.34%"
"10/08/2024","1,453.00","1,471.50","1,481.00","1,446.50","7.71M","-1.82%"
"10/07/2024","1,480.00","1,470.00","1,488.50","1,466.00","9.31M","1.40%"
"10/04/2024","1,459.50","1,456.00","1,462.00","1,439.00","7.53M","-0.07%"
"10/03/2024","1,460.50","1,487.00","1,489.50","1,456.00","7.68M","-2.34%"
"10/02/2024","1,495.50","1,514.00","1,517.00","1,495.00","8.88M","-1.71%"
"10/01/2024","1,521.50","1,510.00","1,523.00","1,488.00","7.21M","0.33%"
"09/30/2024","1,516.50","1,526.00","1,535.50","1,514.00","6.97M","-1.33%"
"09/27/2024","1,537.00","1,525.00","1,541.50","1,524.00","5.89M","0.99%"
"09/26/2024","1,522.00","1,527.00","1,538.50","1,513.00","7.04M","-0.33%"
"09/25/2024","1,527.00","1,532.50","1,536.50","1,520.00","5.84M","-0.23%"
"09/24/2024","1,530.50","1,528.00","1,532.50","1,513.50","7.34M","0.20%"
"09/23/2024","1,527.50","1,525.00","1,542.00","1,522.50","8.65M","-0.55%"
"09/20/2024","1,536.00","1,558.00","1,566.50","1,534.50","15.43M","-2.45%"
"09/19/2024","1,574.50","1,605.50","1,608.50","1,557.00","7.76M","-1.84%"
"09/18/2024","1,604.00","1,605.00","1,612.00","1,595.50","19.85M","-0.34%"
"09/17/2024","1,609.50","1,645.00","1,649.00","1,607.00","5.67M","-1.38%"
"09/16/2024","1,632.00","1,628.00","1,634.00","1,620.00","","-0.09%"
"09/13/2024","1,633.50","1,625.50","1,640.00","1,624.50","4.64M","-0.31%"
"09/12/2024","1,638.50","1,664.50","1,667.00","1,638.50","9.14M","-0.97%"
"09/11/2024","1,654.50","1,656.00","1,675.00","1,653.00","7.36M","-0.99%"
"09/10/2024","1,671.00","1,663.50","1,678.00","1,656.50","5.94M","0.45%"
"09/09/2024","1,663.50","1,665.00","1,667.50","1,651.50","4.54M","0.73%"
"09/06/2024","1,651.50","1,635.00","1,660.00","1,632.50","5.82M","0.76%"
"09/05/2024","1,639.00","1,668.00","1,671.00","1,634.50","6.57M","-1.50%"
"09/04/2024","1,664.00","1,644.00","1,664.00","1,638.50","3.19M","0.54%"
"09/03/2024","1,655.00","1,650.00","1,667.00","1,649.00","11.86M","0.27%"
"09/02/2024","1,650.50","1,660.00","1,662.00","1,640.50","5.00M","-0.39%"
"08/30/2024","1,657.00","1,653.00","1,668.00","1,653.00","10.05M","0.33%"
"08/29/2024","1,651.50","1,662.50","1,668.50","1,649.00","3.17M","0.00%"
"08/28/2024","1,651.50","1,652.00","1,662.50","1,632.50","7.65M","2.07%"
"08/27/2024","1,618.00","1,607.50","1,630.00","1,607.50","10.44M","0.97%"
"08/23/2024","1,602.50","1,600.50","1,607.50","1,596.00","8.08M","0.34%"
"08/22/2024","1,597.00","1,595.50","1,602.00","1,593.00","5.39M","0.06%"
"08/21/2024","1,596.00","1,593.00","1,604.00","1,588.00","9.71M","0.25%"
"08/20/2024","1,592.00","1,597.50","1,601.00","1,582.00","2.11M","-0.44%"
"08/19/2024","1,599.00","1,588.00","1,602.00","1,583.50","2.78M","0.50%"
"08/16/2024","1,591.00","1,594.00","1,599.00","1,586.50","3.00M","-0.31%"
"08/15/2024","1,596.00","1,591.50","1,606.50","1,586.00","15.07M","-0.09%"
"08/14/2024","1,597.50","1,594.00","1,603.50","1,591.00","3.79M","0.31%"
"08/13/2024","1,592.50","1,571.50","1,592.50","1,567.50","3.67M","1.30%"
"08/12/2024","1,572.00","1,570.50","1,580.50","1,566.00","4.00M","0.42%"
"08/09/2024","1,565.50","1,563.50","1,568.50","1,547.50","5.53M","0.35%"
"08/08/2024","1,560.00","1,546.00","1,570.00","1,539.00","5.49M","1.63%"
"08/07/2024","1,535.00","1,523.00","1,543.00","1,519.50","3.42M","0.89%"
"08/06/2024","1,521.50","1,557.00","1,558.50","1,510.50","6.58M","-1.65%"
"08/05/2024","1,547.00","1,566.50","1,582.00","1,544.00","7.71M","-0.99%"
"08/02/2024","1,562.50","1,541.00","1,591.00","1,532.50","10.75M","2.39%"
"08/01/2024","1,526.00","1,519.00","1,530.00","1,504.50","6.05M","0.93%"
"07/31/2024","1,512.00","1,536.00","1,550.00","1,497.00","21.02M","-1.98%"
"07/30/2024","1,542.50","1,550.50","1,561.00","1,542.50","5.90M","-0.93%"
"07/29/2024","1,557.00","1,553.50","1,572.50","1,546.00","4.07M","0.26%"
"07/26/2024","1,553.00","1,525.00","1,557.50","1,521.50","5.19M","1.94%"
"07/25/2024","1,523.50","1,517.00","1,533.00","1,508.50","8.39M","0.89%"
"07/24/2024","1,510.00","1,495.50","1,510.00","1,486.00","12.15M","0.03%"
"07/23/2024","1,509.50","1,519.50","1,539.27","1,504.00","7.68M","-0.98%"
"07/22/2024","1,524.50","1,531.50","1,533.00","1,522.00","7.11M","0.13%"
"07/19/2024","1,522.50","1,509.50","1,538.00","1,504.00","8.98M","-0.49%"
"07/18/2024","1,530.00","1,552.00","1,552.00","1,519.00","3.55M","0.10%"
"07/17/2024","1,528.50","1,495.50","1,533.00","1,491.50","4.56M","1.83%"
"07/16/2024","1,501.00","1,479.50","1,507.00","1,479.50","4.14M","0.20%"
"07/15/2024","1,498.00","1,499.50","1,526.50","1,493.50","4.72M","-1.25%"
"07/12/2024","1,517.00","1,521.00","1,530.31","1,495.50","4.42M","0.80%"
"07/11/2024","1,505.00","1,506.50","1,516.50","1,495.50","5.08M","0.00%"
"07/10/2024","1,505.00","1,520.00","1,520.00","1,498.00","7.88M","-0.33%"
"07/09/2024","1,510.00","1,523.50","1,526.02","1,501.50","4.95M","0.03%"
"07/08/2024","1,509.50","1,498.00","1,520.00","1,487.00","9.94M","-0.10%"
"07/05/2024","1,511.00","1,501.00","1,527.50","1,486.00","8.16M","0.03%"
"07/04/2024","1,510.50","1,518.50","1,524.26","1,494.00","3.95M","0.47%"
"07/03/2024","1,503.50","1,513.50","1,513.50","1,496.50","9.87M","0.00%"
"07/02/2024","1,503.50","1,505.50","1,535.50","1,494.00","7.04M","-1.47%"
"07/01/2024","1,526.00","1,519.50","1,539.00","1,510.50","5.86M","-0.23%"
"06/28/2024","1,529.50","1,537.00","1,541.50","1,523.00","8.07M","0.23%"
"06/27/2024","1,526.00","1,503.50","1,537.59","1,484.00","10.68M","-4.60%"
"06/26/2024","1,599.50","1,600.50","1,612.75","1,591.00","5.25M","0.28%"
"06/25/2024","1,595.00","1,604.50","1,618.50","1,586.50","9.78M","-0.84%"
"06/24/2024","1,608.50","1,601.50","1,628.00","1,593.00","18.59M","0.59%"
"06/21/2024","1,599.00","1,608.00","1,628.00","1,575.00","16.61M","-1.17%"
"06/20/2024","1,618.00","1,606.50","1,629.00","1,606.00","3.92M","0.09%"
"06/19/2024","1,616.50","1,607.50","1,620.00","1,594.00","3.03M","0.28%"
"06/18/2024","1,612.00","1,608.00","1,619.00","1,604.50","4.67M","0.75%"
"06/17/2024","1,600.00","1,613.00","1,613.00","1,588.75","3.79M","-0.28%"
"06/14/2024","1,604.50","1,611.50","1,616.00","1,599.50","4.22M","-0.34%"
"06/13/2024","1,610.00","1,610.00","1,618.50","1,599.50","3.81M","0.31%"
"06/12/2024","1,605.00","1,605.00","1,621.00","1,595.00","10.25M","-0.62%"
"06/11/2024","1,615.00","1,611.00","1,640.50","1,609.00","20.84M","-0.37%"
"06/10/2024","1,621.00","1,618.00","1,639.00","1,607.00","6.39M","-0.49%"
"06/07/2024","1,629.00","1,623.00","1,650.00","1,610.81","6.98M","-0.67%"
"06/06/2024","1,640.00","1,640.50","1,661.00","1,627.50","8.93M","-0.64%"
"06/05/2024","1,650.50","1,631.00","1,663.68","1,630.50","8.61M","2.20%"
"06/04/2024","1,615.00","1,595.00","1,626.00","1,588.00","18.35M","1.06%"
"06/03/2024","1,598.00","1,616.50","1,637.50","1,589.00","24.11M","-9.54%"
"05/31/2024","1,766.50","1,735.50","1,766.50","1,719.50","17.48M","2.11%"
"05/30/2024","1,730.00","1,748.50","1,760.50","1,730.00","8.02M","-0.94%"
"05/29/2024","1,746.50","1,718.50","1,750.50","1,718.50","8.40M","0.37%"
"05/28/2024","1,740.00","1,763.50","1,787.50","1,740.00","4.68M","-1.94%"
"05/24/2024","1,774.50","1,767.00","1,793.50","1,766.50","4.16M","-0.20%"
"05/23/2024","1,778.00","1,796.00","1,808.50","1,772.50","6.82M","-0.59%"
"05/22/2024","1,788.50","1,733.50","1,792.50","1,733.50","10.46M","1.85%"
"05/21/2024","1,756.00","1,770.00","1,786.00","1,740.00","8.29M","-1.07%"
"05/20/2024","1,775.00","1,775.50","1,778.50","1,769.00","2.85M","0.00%"
"05/17/2024","1,775.00","1,773.50","1,779.50","1,764.50","9.69M","-0.48%"
"05/16/2024","1,783.50","1,779.00","1,823.50","1,775.50","5.28M","-1.60%"
"05/15/2024","1,812.50","1,811.00","1,820.00","1,799.00","4.86M","0.14%"
"05/14/2024","1,810.00","1,805.00","1,821.00","1,792.00","4.74M","0.00%"
"05/13/2024","1,810.00","1,786.00","1,810.50","1,786.00","4.24M","0.58%"
"05/10/2024","1,799.50","1,795.50","1,799.50","1,769.50","9.33M","1.07%"
"05/09/2024","1,780.50","1,780.00","1,789.50","1,762.50","6.40M","0.39%"
"05/08/2024","1,773.50","1,770.00","1,776.00","1,763.50","6.68M","0.71%"
"05/07/2024","1,761.00","1,736.50","1,767.50","1,736.00","14.30M","1.59%"
"05/03/2024","1,733.50","1,733.00","1,743.00","1,718.00","4.23M","0.29%"
"05/02/2024","1,728.50","1,705.00","1,739.56","1,695.50","6.28M","1.38%"
"05/01/2024","1,705.00","1,685.50","1,718.50","1,673.00","5.85M","1.91%"
"04/30/2024","1,673.00","1,643.00","1,679.50","1,643.00","7.01M","0.18%"
"04/29/2024","1,670.00","1,650.00","1,677.00","1,646.00","5.91M","1.03%"
"04/26/2024","1,653.00","1,638.50","1,655.50","1,627.50","3.99M","0.76%"
"04/25/2024","1,640.50","1,626.00","1,656.50","1,626.00","5.92M","0.28%"
"04/24/2024","1,636.00","1,668.00","1,668.00","1,635.50","4.33M","-0.91%"
"04/23/2024","1,651.00","1,650.50","1,656.00","1,636.00","4.66M","0.70%"
"04/22/2024","1,639.50","1,618.00","1,647.50","1,610.50","7.02M","2.53%"
"04/19/2024","1,599.00","1,579.50","1,600.00","1,564.50","5.15M","0.98%"
"04/18/2024","1,583.50","1,604.50","1,604.50","1,580.00","5.91M","-0.41%"
"04/17/2024","1,590.00","1,589.00","1,620.50","1,576.00","7.39M","-1.27%"
"04/16/2024","1,610.50","1,618.00","1,653.50","1,594.50","8.91M","-2.01%"
"04/15/2024","1,643.50","1,638.50","1,653.50","1,628.50","5.19M","0.00%"
"04/12/2024","1,643.50","1,631.50","1,651.75","1,628.50","6.71M","0.89%"
"04/11/2024","1,629.00","1,618.50","1,642.00","1,609.00","8.32M","0.49%"
"04/10/2024","1,621.00","1,606.00","1,633.50","1,606.00","6.46M","0.31%"
"04/09/2024","1,616.00","1,612.00","1,617.99","1,605.50","7.80M","-0.25%"
"04/08/2024","1,620.00","1,629.00","1,630.00","1,615.50","4.65M","-0.58%"
"04/05/2024","1,629.50","1,609.00","1,647.50","1,593.50","7.46M","-0.49%"
"04/04/2024","1,637.50","1,654.00","1,671.03","1,635.00","11.77M","-1.00%"
"04/03/2024","1,654.00","1,661.50","1,665.00","1,640.00","7.98M","-0.54%"
"04/02/2024","1,663.00","1,653.00","1,708.60","1,651.50","7.11M","-2.67%"
"03/28/2024","1,708.60","1,691.20","1,715.60","1,691.20","9.65M","0.20%"
"03/27/2024","1,705.20","1,700.00","1,706.20","1,681.20","4.76M","0.44%"
"03/26/2024","1,697.80","1,684.40","1,705.40","1,684.40","7.75M","0.19%"
"03/25/2024","1,694.60","1,683.00","1,694.76","1,679.40","6.42M","0.46%"
"03/22/2024","1,686.80","1,678.40","1,694.00","1,678.20","10.42M","0.78%"
"03/21/2024","1,673.80","1,641.80","1,681.40","1,633.80","5.14M","1.64%"
"03/20/2024","1,646.80","1,664.00","1,667.80","1,645.20","5.75M","-1.06%"
"03/19/2024","1,664.40","1,662.00","1,670.80","1,650.80","10.48M","0.22%"
"03/18/2024","1,660.80","1,656.40","1,666.40","1,639.60","9.56M","0.68%"
"03/15/2024","1,649.60","1,687.80","1,698.00","1,646.40","19.02M","-2.26%"
"03/14/2024","1,687.80","1,700.00","1,709.00","1,679.40","5.25M","-0.44%"
"03/13/2024","1,695.20","1,685.40","1,696.20","1,675.00","9.14M","0.59%"
"03/12/2024","1,685.20","1,681.40","1,688.80","1,674.40","4.86M","0.61%"
"03/11/2024","1,675.00","1,683.40","1,687.80","1,661.20","16.45M","0.12%"
"03/08/2024","1,673.00","1,689.20","1,721.60","1,668.80","6.52M","-2.23%"
"03/07/2024","1,711.20","1,699.80","1,719.80","1,691.81","10.17M","2.27%"
"03/06/2024","1,673.20","1,670.40","1,693.60","1,657.60","6.06M","-0.61%"
"03/05/2024","1,683.40","1,678.60","1,687.00","1,657.60","5.08M","0.94%"
"03/04/2024","1,667.80","1,677.20","1,678.40","1,658.80","5.10M","0.36%"
"03/01/2024","1,661.80","1,654.40","1,674.60","1,648.80","9.28M","-0.17%"
"02/29/2024","1,664.60","1,659.60","1,699.20","1,659.60","13.40M","-0.31%"
"02/28/2024","1,669.80","1,682.20","1,686.40","1,660.80","18.09M","-0.07%"
"02/27/2024","1,671.00","1,656.00","1,684.80","1,656.00","5.45M","-0.21%"
"02/26/2024","1,674.60","1,672.80","1,685.20","1,667.40","7.09M","0.13%"
"02/23/2024","1,672.40","1,668.20","1,676.00","1,666.20","14.95M","0.22%"
"02/22/2024","1,668.80","1,652.80","1,668.83","1,645.00","11.41M","0.47%"
"02/21/2024","1,661.00","1,660.60","1,688.00","1,650.20","5.01M","-1.00%"
"02/20/2024","1,677.80","1,669.00","1,685.20","1,655.23","7.85M","0.52%"
"02/19/2024","1,669.20","1,676.40","1,690.20","1,659.00","9.62M","-0.43%"
"02/16/2024","1,676.40","1,662.00","1,679.40","1,650.20","11.11M","0.81%"
"02/15/2024","1,663.00","1,653.60","1,678.20","1,652.20","4.31M","-0.30%"
"02/14/2024","1,668.00","1,670.00","1,682.60","1,631.80","6.15M","1.60%"
"02/13/2024","1,641.80","1,644.60","1,659.40","1,616.60","15.29M","0.95%"
"02/12/2024","1,626.40","1,659.80","1,670.00","1,621.80","11.95M","-2.02%"
"02/09/2024","1,660.00","1,658.60","1,669.00","1,654.20","15.61M","0.55%"
"02/08/2024","1,651.00","1,669.00","1,674.40","1,645.40","7.52M","-1.29%"
"02/07/2024","1,672.60","1,643.00","1,672.93","1,643.00","7.62M","1.19%"
"02/06/2024","1,653.00","1,657.20","1,670.80","1,643.40","5.04M","-0.58%"
"02/05/2024","1,662.60","1,601.40","1,670.20","1,601.40","12.16M","3.19%"
"02/02/2024","1,611.20","1,598.60","1,612.40","1,575.00","13.84M","1.58%"
"02/01/2024","1,586.20","1,582.80","1,603.20","1,560.60","22.80M","1.16%"
"01/31/2024","1,568.00","1,535.00","1,622.60","1,514.80","15.58M","1.96%"
"01/30/2024","1,537.80","1,532.20","1,555.80","1,523.80","7.30M","0.27%"
"01/29/2024","1,533.60","1,541.20","1,552.80","1,532.40","5.99M","-0.22%"
"01/26/2024","1,537.00","1,512.00","1,549.10","1,512.00","7.06M","1.04%"
"01/25/2024","1,521.20","1,542.40","1,549.40","1,518.40","6.79M","-2.16%"
"01/24/2024","1,554.80","1,546.80","1,563.60","1,536.80","9.00M","0.04%"
"01/23/2024","1,554.20","1,554.80","1,566.60","1,536.60","11.75M","-0.10%"
"01/22/2024","1,555.80","1,562.80","1,573.00","1,532.80","6.70M","-0.50%"
"01/19/2024","1,563.60","1,546.20","1,568.40","1,540.80","12.68M","0.51%"
"01/18/2024","1,555.60","1,570.40","1,573.20","1,550.20","7.68M","-1.27%"
"01/17/2024","1,575.60","1,561.40","1,591.40","1,561.40","7.76M","-0.39%"
"01/16/2024","1,581.80","1,591.20","1,599.40","1,570.40","12.14M","0.11%"
"01/15/2024","1,580.00","1,584.80","1,585.50","1,563.40","9.84M","0.45%"
"01/12/2024","1,573.00","1,560.20","1,578.40","1,547.00","5.26M","1.07%"
"01/11/2024","1,556.40","1,571.00","1,581.80","1,539.00","11.02M","-0.92%"
"01/10/2024","1,570.80","1,568.00","1,573.20","1,559.40","4.04M","-0.34%"
"01/09/2024","1,576.20","1,550.00","1,578.00","1,546.00","9.92M","1.76%"
"01/08/2024","1,549.00","1,539.00","1,549.00","1,537.60","7.77M","0.51%"
"01/05/2024","1,541.20","1,537.60","1,554.60","1,529.20","6.31M","0.09%"
"01/04/2024","1,539.80","1,531.00","1,539.80","1,512.40","6.78M","1.28%"
"01/03/2024","1,520.40","1,509.80","1,522.20","1,494.80","9.30M","2.74%"
"01/02/2024","1,479.80","1,460.20","1,480.70","1,453.20","10.46M","2.04%"
"12/29/2023","1,450.20","1,456.00","1,473.38","1,450.20","1.66M","-0.75%"
"12/28/2023","1,461.20","1,452.00","1,465.00","1,448.40","2.54M","0.80%"
"12/27/2023","1,449.60","1,449.80","1,464.60","1,445.60","2.22M","0.00%"
"12/22/2023","1,449.60","1,450.40","1,469.95","1,447.80","1.85M","-0.03%"
"12/21/2023","1,450.00","1,440.80","1,458.80","1,432.00","8.40M","0.33%"
"12/20/2023","1,445.20","1,445.80","1,464.67","1,424.20","9.41M","0.87%"
"12/19/2023","1,432.80","1,441.00","1,446.40","1,425.40","6.13M","-0.68%"
"12/18/2023","1,442.60","1,417.80","1,454.20","1,415.00","5.54M","1.65%"
"12/15/2023","1,419.20","1,451.00","1,456.20","1,414.80","16.50M","-2.91%"
"12/14/2023","1,461.80","1,468.80","1,487.80","1,444.40","19.01M","0.41%"
"12/13/2023","1,455.80","1,454.20","1,468.40","1,447.80","12.76M","0.44%"
"12/12/2023","1,449.40","1,461.00","1,466.40","1,438.60","9.59M","0.14%"
"12/11/2023","1,447.40","1,437.00","1,451.07","1,431.00","6.76M","0.91%"
"12/08/2023","1,434.40","1,442.80","1,442.80","1,422.60","4.53M","0.13%"
"12/07/2023","1,432.60","1,441.40","1,448.80","1,426.80","10.57M","-0.51%"
"12/06/2023","1,440.00","1,454.00","1,454.00","1,430.80","8.78M","0.03%"
"12/05/2023","1,439.60","1,464.20","1,464.20","1,431.20","4.92M","-1.09%"
"12/04/2023","1,455.40","1,437.20","1,458.00","1,437.00","4.95M","1.35%"
"12/01/2023","1,436.00","1,426.00","1,442.20","1,419.00","3.77M","1.17%"
"11/30/2023","1,419.40","1,405.60","1,427.40","1,396.40","10.07M","1.31%"
"11/29/2023","1,401.00","1,409.40","1,409.80","1,395.60","2.41M","-0.76%"
"11/28/2023","1,411.80","1,399.60","1,424.20","1,395.00","4.33M","-0.17%"
"11/27/2023","1,414.20","1,424.00","1,428.60","1,414.20","2.32M","-0.59%"
"11/24/2023","1,422.60","1,421.60","1,430.00","1,410.60","3.54M","0.11%"
"11/23/2023","1,421.00","1,409.40","1,425.20","1,404.20","2.59M","0.69%"
"11/22/2023","1,411.20","1,405.00","1,424.80","1,372.60","9.44M","-0.44%"
"11/21/2023","1,417.40","1,415.80","1,418.39","1,393.00","4.40M","0.67%"
"11/20/2023","1,408.00","1,410.20","1,419.80","1,384.40","3.01M","-0.18%"
"11/17/2023","1,410.60","1,376.20","1,410.60","1,376.20","8.89M","2.07%"
"11/16/2023","1,382.00","1,379.60","1,397.40","1,371.40","3.67M","-0.78%"
"11/15/2023","1,392.80","1,387.20","1,401.40","1,378.20","4.94M","0.68%"
"11/14/2023","1,383.40","1,409.80","1,418.00","1,381.85","4.80M","-1.69%"
"11/13/2023","1,407.20","1,408.40","1,416.60","1,401.00","4.71M","0.63%"
"11/10/2023","1,398.40","1,403.00","1,425.40","1,388.60","5.41M","-1.20%"
"11/09/2023","1,415.40","1,435.60","1,437.13","1,414.00","12.67M","-0.76%"
"11/08/2023","1,426.20","1,424.20","1,436.80","1,422.16","9.33M","0.10%"
"11/07/2023","1,424.80","1,410.60","1,426.60","1,398.00","5.19M","1.41%"
"11/06/2023","1,405.00","1,391.80","1,409.10","1,383.60","3.90M","0.67%"
"11/03/2023","1,395.60","1,399.40","1,416.20","1,383.80","4.57M","-0.03%"
"11/02/2023","1,396.00","1,421.80","1,433.20","1,376.00","8.10M","-1.90%"
"11/01/2023","1,423.00","1,501.00","1,513.20","1,401.20","11.30M","-2.36%"
"10/31/2023","1,457.40","1,455.00","1,466.00","1,444.00","16.18M","0.34%"
"10/30/2023","1,452.40","1,436.40","1,460.00","1,430.60","3.13M","1.34%"
"10/27/2023","1,433.20","1,456.00","1,484.40","1,433.20","4.14M","-2.79%"
"10/26/2023","1,474.40","1,481.60","1,495.80","1,471.80","11.57M","-0.59%"
"10/25/2023","1,483.20","1,475.40","1,489.80","1,460.00","3.88M","0.90%"
"10/24/2023","1,470.00","1,437.40","1,470.60","1,435.80","2.73M","0.52%"
"10/23/2023","1,462.40","1,466.00","1,474.40","1,454.80","3.39M","0.03%"
"10/20/2023","1,462.00","1,454.20","1,466.80","1,448.40","6.43M","0.74%"
"10/19/2023","1,451.20","1,486.60","1,488.23","1,448.60","6.19M","-2.96%"
"10/18/2023","1,495.40","1,497.60","1,513.00","1,493.00","4.13M","-0.59%"
"10/17/2023","1,504.20","1,505.40","1,509.20","1,482.80","7.04M","0.74%"
"10/16/2023","1,493.20","1,513.40","1,513.40","1,488.00","3.71M","-1.11%"
"10/13/2023","1,510.00","1,511.80","1,531.00","1,505.60","4.86M","-0.64%"
"10/12/2023","1,519.80","1,530.20","1,533.20","1,511.20","7.72M","0.04%"
"10/11/2023","1,519.20","1,514.00","1,563.20","1,514.00","5.22M","-0.14%"
"10/10/2023","1,521.40","1,517.60","1,525.40","1,512.20","4.46M","0.88%"
"10/09/2023","1,508.20","1,502.00","1,521.00","1,498.60","3.23M","0.59%"
"10/06/2023","1,499.40","1,494.60","1,503.40","1,470.20","3.73M","1.11%"
"10/05/2023","1,483.00","1,485.20","1,491.60","1,471.40","4.39M","-0.26%"
"10/04/2023","1,486.80","1,480.40","1,497.40","1,474.00","11.17M","0.11%"
"10/03/2023","1,485.20","1,488.60","1,504.00","1,479.40","6.11M","0.08%"
"10/02/2023","1,484.00","1,482.60","1,502.40","1,471.20","6.65M","-0.54%"
"09/29/2023","1,492.00","1,487.60","1,501.80","1,481.40","6.51M","-0.13%"
"09/28/2023","1,494.00","1,523.40","1,523.60","1,489.80","6.35M","-1.62%"
"09/27/2023","1,518.60","1,536.00","1,539.00","1,514.60","5.49M","-0.89%"
"09/26/2023","1,532.20","1,540.00","1,554.60","1,532.20","4.99M","-0.23%"
"09/25/2023","1,535.80","1,522.20","1,538.20","1,517.60","4.14M","0.52%"
"09/22/2023","1,527.80","1,529.80","1,544.20","1,518.60","7.18M","-0.18%"
"09/21/2023","1,530.60","1,536.00","1,550.80","1,530.60","8.28M","-0.25%"
"09/20/2023","1,534.40","1,513.80","1,534.40","1,512.60","11.55M","2.09%"
"09/19/2023","1,503.00","1,503.20","1,506.60","1,489.20","5.05M","-0.16%"
"09/18/2023","1,505.40","1,509.00","1,522.00","1,499.20","4.62M","-0.28%"
"09/15/2023","1,509.60","1,502.00","1,518.80","1,495.80","16.60M","1.51%"
"09/14/2023","1,487.20","1,470.00","1,491.00","1,462.20","5.34M","1.60%"
"09/13/2023","1,463.80","1,465.60","1,470.00","1,454.40","3.89M","-0.19%"
"09/12/2023","1,466.60","1,475.00","1,484.00","1,459.20","3.83M","-0.15%"
"09/11/2023","1,468.80","1,460.40","1,482.20","1,453.60","6.56M","1.70%"
"09/08/2023","1,444.20","1,395.40","1,448.60","1,390.40","17.50M","4.03%"
"09/07/2023","1,388.20","1,369.60","1,390.20","1,365.22","2.41M","0.84%"
"09/06/2023","1,376.60","1,366.00","1,380.60","1,359.60","3.02M","-0.35%"
"09/05/2023","1,381.40","1,367.40","1,390.40","1,363.00","6.74M","0.57%"
"09/04/2023","1,373.60","1,391.60","1,395.40","1,372.20","2.24M","-1.01%"
"09/01/2023","1,387.60","1,392.40","1,393.40","1,384.00","3.30M","-0.09%"
"08/31/2023","1,388.80","1,400.00","1,405.20","1,388.80","5.97M","-0.63%"
"08/30/2023","1,397.60","1,400.80","1,405.20","1,394.00","3.93M","-0.01%"
"08/29/2023","1,397.80","1,389.40","1,417.40","1,386.80","10.53M","1.73%"
"08/25/2023","1,374.00","1,368.20","1,378.80","1,365.35","2.63M","0.17%"
"08/24/2023","1,371.60","1,371.40","1,388.27","1,366.60","2.48M","0.50%"
"08/23/2023","1,364.80","1,358.60","1,383.00","1,354.67","10.22M","0.57%"
"08/22/2023","1,357.00","1,349.40","1,359.00","1,340.60","4.94M","0.71%"
"08/21/2023","1,347.40","1,346.60","1,353.00","1,342.60","3.41M","-0.12%"
"08/18/2023","1,349.00","1,358.00","1,361.00","1,341.60","4.37M","-0.65%"
"08/17/2023","1,357.80","1,353.00","1,359.20","1,340.00","3.12M","-0.93%"
"08/16/2023","1,370.60","1,382.40","1,385.00","1,366.00","3.85M","-0.48%"
"08/15/2023","1,377.20","1,392.20","1,395.80","1,368.40","3.47M","-0.63%"
"08/14/2023","1,386.00","1,384.80","1,393.80","1,382.40","4.06M","1.09%"
"08/11/2023","1,371.00","1,380.00","1,385.20","1,361.80","4.88M","-1.20%"
"08/10/2023","1,387.60","1,386.20","1,387.60","1,375.00","3.62M","0.29%"
"08/09/2023","1,383.60","1,375.80","1,385.04","1,370.00","13.73M","1.36%"
"08/08/2023","1,365.00","1,354.20","1,372.20","1,352.00","9.14M","0.95%"
"08/07/2023","1,352.20","1,351.60","1,355.80","1,347.00","2.39M","0.39%"
"08/04/2023","1,347.00","1,346.20","1,349.40","1,330.19","2.62M","0.12%"
"08/03/2023","1,345.40","1,361.20","1,367.60","1,337.80","4.06M","-1.61%"
"08/02/2023","1,367.40","1,358.60","1,372.80","1,346.96","3.89M","-0.31%"
"08/01/2023","1,371.60","1,382.40","1,387.20","1,371.60","2.93M","-0.94%"
"07/31/2023","1,384.60","1,382.00","1,391.80","1,377.00","4.86M","0.12%"
"07/28/2023","1,383.00","1,403.60","1,410.20","1,381.60","4.66M","-1.61%"
"07/27/2023","1,405.60","1,399.20","1,423.60","1,392.60","12.99M","1.46%"
"07/26/2023","1,385.40","1,378.00","1,419.00","1,374.20","6.22M","-0.55%"
"07/25/2023","1,393.00","1,388.00","1,393.60","1,379.60","4.23M","-0.20%"
"07/24/2023","1,395.80","1,388.80","1,397.00","1,378.80","2.79M","0.55%"
"07/21/2023","1,388.20","1,390.00","1,396.60","1,375.20","4.66M","0.07%"
"07/20/2023","1,387.20","1,364.80","1,390.20","1,364.80","5.44M","1.97%"
"07/19/2023","1,360.40","1,338.00","1,370.00","1,336.95","3.37M","2.09%"
"07/18/2023","1,332.60","1,314.40","1,337.20","1,314.40","4.40M","1.06%"
"07/17/2023","1,318.60","1,318.80","1,328.40","1,317.40","3.03M","-0.12%"
"07/14/2023","1,320.20","1,316.00","1,335.00","1,313.60","4.10M","-0.74%"
"07/13/2023","1,330.00","1,327.80","1,341.60","1,327.11","5.96M","-0.14%"
"07/12/2023","1,331.80","1,320.60","1,332.80","1,312.00","5.63M","1.05%"
"07/11/2023","1,318.00","1,312.40","1,318.20","1,302.60","8.71M","0.11%"
"07/10/2023","1,316.60","1,314.60","1,329.20","1,312.00","4.36M","0.05%"
"07/07/2023","1,316.00","1,319.00","1,333.00","1,310.40","6.08M","-1.56%"
"07/06/2023","1,336.80","1,360.00","1,364.60","1,336.00","5.23M","-2.18%"
"07/05/2023","1,366.60","1,376.00","1,379.20","1,364.60","4.82M","-0.90%"
"07/04/2023","1,379.00","1,388.40","1,396.80","1,377.60","5.14M","-0.55%"
"07/03/2023","1,386.60","1,388.80","1,404.40","1,382.40","3.64M","-0.16%"
"06/30/2023","1,388.80","1,400.80","1,407.00","1,382.20","7.81M","-0.37%"
"06/29/2023","1,394.00","1,401.80","1,410.20","1,387.40","5.12M","-0.60%"
"06/28/2023","1,402.40","1,400.20","1,411.80","1,395.60","5.39M","0.01%"
"06/27/2023","1,402.20","1,422.40","1,430.20","1,398.80","3.79M","-1.24%"
"06/26/2023","1,419.80","1,432.20","1,437.00","1,414.60","5.74M","-0.38%"
"06/23/2023","1,425.20","1,390.00","1,444.00","1,382.26","12.84M","4.87%"
"06/22/2023","1,359.00","1,362.40","1,362.40","1,337.00","5.17M","-0.93%"
"06/21/2023","1,371.80","1,348.80","1,376.80","1,345.40","7.38M","0.75%"
"06/20/2023","1,361.60","1,346.00","1,371.00","1,346.00","13.87M","0.72%"
"06/19/2023","1,351.80","1,370.40","1,380.40","1,348.60","3.66M","-0.94%"
"06/16/2023","1,364.60","1,376.20","1,390.84","1,356.20","20.28M","-0.74%"
"06/15/2023","1,374.80","1,361.60","1,385.60","1,360.40","22.28M","0.84%"
"06/14/2023","1,363.40","1,365.80","1,376.20","1,359.20","3.57M","-0.23%"
"06/13/2023","1,366.60","1,372.60","1,374.40","1,361.20","10.01M","-0.52%"
"06/12/2023","1,373.80","1,391.60","1,392.36","1,369.88","3.86M","-0.30%"
"06/09/2023","1,378.00","1,386.00","1,386.00","1,368.60","3.95M","0.20%"
"06/08/2023","1,375.20","1,375.00","1,383.80","1,369.40","2.98M","-0.07%"
"06/07/2023","1,376.20","1,386.40","1,400.00","1,372.00","5.72M","-1.09%"
"06/06/2023","1,391.40","1,380.40","1,399.00","1,377.44","4.88M","0.68%"
"06/05/2023","1,382.00","1,375.40","1,386.00","1,373.01","3.23M","1.05%"
"06/02/2023","1,367.60","1,346.00","1,369.60","1,336.58","4.68M","1.48%"
"06/01/2023","1,347.60","1,355.00","1,357.60","1,332.80","11.85M","0.09%"
"05/31/2023","1,346.40","1,355.40","1,363.40","1,346.40","25.39M","-1.79%"
"05/30/2023","1,371.00","1,399.20","1,408.20","1,365.80","4.49M","-1.52%"
"05/26/2023","1,392.20","1,384.00","1,400.80","1,380.40","8.57M","0.55%"
"05/25/2023","1,384.60","1,407.00","1,412.80","1,382.60","3.64M","-1.72%"
"05/24/2023","1,408.80","1,422.20","1,423.80","1,402.80","4.53M","-1.50%"
"05/23/2023","1,430.20","1,420.00","1,436.20","1,412.60","3.59M","0.31%"
"05/22/2023","1,425.80","1,425.00","1,437.00","1,419.80","5.13M","0.14%"
"05/19/2023","1,423.80","1,423.20","1,430.17","1,410.40","5.02M","0.00%"
"05/18/2023","1,423.80","1,430.60","1,442.40","1,419.60","21.72M","-1.29%"
"05/17/2023","1,442.40","1,466.40","1,473.00","1,439.60","3.31M","-1.61%"
"05/16/2023","1,466.00","1,470.20","1,474.40","1,456.00","6.90M","-0.24%"
"05/15/2023","1,469.60","1,476.80","1,481.00","1,459.90","2.57M","-0.04%"
"05/12/2023","1,470.20","1,450.40","1,485.80","1,446.72","4.20M","1.76%"
"05/11/2023","1,444.80","1,450.80","1,461.10","1,437.20","4.12M","0.58%"
"05/10/2023","1,436.40","1,439.60","1,448.00","1,434.60","5.21M","-0.68%"
"05/09/2023","1,446.20","1,459.00","1,465.60","1,424.60","5.31M","-1.11%"
"05/05/2023","1,462.40","1,463.60","1,470.20","1,444.20","3.45M","-0.26%"
"05/04/2023","1,466.20","1,454.40","1,473.60","1,453.00","7.25M","-0.30%"
"05/03/2023","1,470.60","1,457.40","1,475.80","1,456.41","8.46M","1.06%"
"05/02/2023","1,455.20","1,446.40","1,467.00","1,439.80","20.55M","0.99%"
"04/28/2023","1,441.00","1,426.80","1,447.60","1,426.80","5.48M","0.28%"
"04/27/2023","1,437.00","1,447.40","1,477.00","1,432.00","5.48M","-0.36%"
"04/26/2023","1,442.20","1,494.00","1,521.20","1,437.00","8.55M","-3.87%"
"04/25/2023","1,500.20","1,466.40","1,503.00","1,461.69","5.40M","1.78%"
"04/24/2023","1,474.00","1,477.20","1,481.60","1,468.60","5.51M","0.19%"
"04/21/2023","1,471.20","1,463.40","1,486.00","1,463.40","5.16M","0.03%"
"04/20/2023","1,470.80","1,477.80","1,482.20","1,467.00","3.82M","-1.01%"
"04/19/2023","1,485.80","1,479.60","1,491.40","1,476.20","2.97M","0.12%"
"04/18/2023","1,484.00","1,517.80","1,517.80","1,484.00","5.40M","-1.84%"
"04/17/2023","1,511.80","1,520.20","1,522.78","1,504.00","4.40M","-0.21%"
"04/14/2023","1,515.00","1,528.40","1,533.60","1,513.40","13.44M","-0.49%"
"04/13/2023","1,522.40","1,515.00","1,524.40","1,507.00","9.76M","0.65%"
"04/12/2023","1,512.60","1,507.40","1,524.40","1,503.00","4.74M","0.41%"
"04/11/2023","1,506.40","1,517.00","1,527.60","1,501.20","15.06M","-1.09%"
"04/06/2023","1,523.00","1,495.00","1,531.00","1,492.60","6.45M","2.41%"
"04/05/2023","1,487.20","1,450.20","1,488.80","1,445.20","5.72M","2.64%"
"04/04/2023","1,449.00","1,448.20","1,463.43","1,443.80","10.21M","0.67%"
"04/03/2023","1,439.40","1,434.20","1,442.40","1,427.40","8.70M","0.73%"
"03/31/2023","1,429.00","1,425.00","1,438.40","1,419.60","8.11M","0.63%"
"03/30/2023","1,420.00","1,416.40","1,421.60","1,412.60","2.48M","-0.04%"
"03/29/2023","1,420.60","1,420.00","1,426.00","1,413.00","3.35M","-0.03%"
"03/28/2023","1,421.00","1,433.80","1,436.60","1,417.40","8.00M","-0.18%"
"03/27/2023","1,423.60","1,416.20","1,426.40","1,414.05","3.87M","1.60%"
"03/24/2023","1,401.20","1,428.80","1,429.86","1,379.00","10.26M","-2.55%"
"03/23/2023","1,437.80","1,434.80","1,449.00","1,429.00","3.91M","-0.03%"
"03/22/2023","1,438.20","1,424.40","1,439.60","1,420.20","3.46M","0.71%"
"03/21/2023","1,428.00","1,427.60","1,435.00","1,419.40","3.09M","0.99%"
"03/20/2023","1,414.00","1,392.20","1,418.40","1,392.00","6.56M","0.94%"
"03/17/2023","1,400.80","1,410.00","1,412.20","1,390.80","18.57M","0.99%"
"03/16/2023","1,387.00","1,391.20","1,394.80","1,376.40","10.25M","0.41%"
"03/15/2023","1,381.40","1,383.60","1,393.20","1,378.20","13.00M","0.07%"
"03/14/2023","1,380.40","1,381.40","1,391.60","1,371.60","5.35M","0.28%"
"03/13/2023","1,376.60","1,400.00","1,400.00","1,375.20","7.68M","-1.57%"
"03/10/2023","1,398.60","1,408.80","1,413.40","1,389.00","4.55M","-0.96%"
"03/09/2023","1,412.20","1,418.40","1,429.00","1,411.40","3.56M","-0.72%"
"03/08/2023","1,422.40","1,435.40","1,436.80","1,422.40","3.91M","-1.35%"
"03/07/2023","1,441.80","1,432.60","1,452.60","1,428.80","5.64M","0.17%"
"03/06/2023","1,439.40","1,436.80","1,443.40","1,431.00","9.40M","-0.19%"
"03/03/2023","1,442.20","1,439.80","1,444.20","1,427.80","4.34M","0.24%"
"03/02/2023","1,438.80","1,422.80","1,438.80","1,419.80","9.02M","1.18%"
"03/01/2023","1,422.00","1,414.80","1,429.80","1,406.80","5.52M","-0.24%"
"02/28/2023","1,425.40","1,435.60","1,443.40","1,418.60","8.62M","-1.71%"
"02/27/2023","1,450.20","1,446.00","1,465.80","1,444.40","3.52M","0.36%"
"02/24/2023","1,445.00","1,458.80","1,464.50","1,442.20","4.39M","-0.86%"
"02/23/2023","1,457.60","1,467.80","1,480.00","1,453.20","4.33M","-1.63%"
"02/22/2023","1,481.80","1,484.00","1,486.20","1,473.80","3.98M","0.00%"
"02/21/2023","1,481.80","1,472.60","1,491.40","1,465.80","19.51M","0.46%"
"02/20/2023","1,475.00","1,488.00","1,492.40","1,473.40","19.24M","-0.62%"
"02/17/2023","1,484.20","1,449.20","1,484.20","1,449.20","8.75M","2.01%"
"02/16/2023","1,455.00","1,461.00","1,476.40","1,451.20","4.69M","-0.12%"
"02/15/2023","1,456.80","1,464.60","1,468.00","1,446.00","11.81M","-0.90%"
"02/14/2023","1,470.00","1,485.00","1,493.00","1,469.00","6.00M","-1.18%"
"02/13/2023","1,487.60","1,479.00","1,491.00","1,473.40","4.57M","0.99%"
"02/10/2023","1,473.00","1,500.00","1,505.00","1,466.00","7.84M","-1.97%"
"02/09/2023","1,502.60","1,498.20","1,517.60","1,475.60","8.06M","0.11%"
"02/08/2023","1,501.00","1,495.80","1,513.20","1,487.20","6.91M","1.04%"
"02/07/2023","1,485.60","1,461.60","1,496.60","1,460.00","7.77M","1.68%"
"02/06/2023","1,461.00","1,432.20","1,468.30","1,426.00","6.61M","1.49%"
"02/03/2023","1,439.60","1,421.80","1,451.60","1,416.40","5.97M","0.85%"
"02/02/2023","1,427.40","1,425.00","1,437.20","1,407.40","6.28M","0.55%"
"02/01/2023","1,419.60","1,438.20","1,445.05","1,405.00","32.41M","-0.27%"
"01/31/2023","1,423.40","1,407.00","1,435.20","1,407.00","9.84M","0.74%"
"01/30/2023","1,413.00","1,405.80","1,427.80","1,405.80","43.66M","0.21%"
"01/27/2023","1,410.00","1,408.00","1,423.78","1,405.20","5.06M","0.34%"
"01/26/2023","1,405.20","1,404.60","1,416.20","1,399.83","9.62M","0.11%"
"01/25/2023","1,403.60","1,391.00","1,406.20","1,389.86","7.47M","1.20%"
"01/24/2023","1,387.00","1,410.00","1,414.40","1,385.20","5.47M","-1.69%"
"01/23/2023","1,410.80","1,408.60","1,419.00","1,405.40","3.64M","0.28%"
"01/20/2023","1,406.80","1,421.40","1,423.45","1,402.20","6.13M","-0.83%"
"01/19/2023","1,418.60","1,409.80","1,423.66","1,404.83","7.24M","0.61%"
"01/18/2023","1,410.00","1,430.40","1,430.40","1,403.20","10.60M","-1.93%"
"01/17/2023","1,437.80","1,439.00","1,442.36","1,429.40","6.64M","0.11%"
"01/16/2023","1,436.20","1,433.40","1,441.71","1,431.00","2.92M","0.11%"
"01/13/2023","1,434.60","1,427.40","1,443.00","1,427.20","4.75M","0.25%"
"01/12/2023","1,431.00","1,416.20","1,435.40","1,411.00","5.96M","1.50%"
"01/11/2023","1,409.80","1,417.60","1,426.39","1,408.36","13.41M","-0.30%"
"01/10/2023","1,414.00","1,403.00","1,421.80","1,403.00","17.85M","-0.52%"
"01/09/2023","1,421.40","1,434.80","1,434.80","1,412.20","9.70M","-0.75%"
"01/06/2023","1,432.20","1,432.00","1,440.80","1,419.00","6.13M","0.04%"
"01/05/2023","1,431.60","1,434.00","1,438.20","1,420.20","4.08M","-1.12%"
"01/04/2023","1,447.80","1,454.80","1,469.00","1,442.80","3.97M","-0.22%"
"01/03/2023","1,451.00","1,422.00","1,470.20","1,420.18","6.58M","0.93%"
"12/30/2022","1,437.60","1,437.40","1,450.40","1,434.20","1.88M","-0.48%"
"12/29/2022","1,444.60","1,437.00","1,444.60","1,419.40","2.62M","0.31%"
"12/28/2022","1,440.20","1,449.60","1,452.20","1,438.00","3.01M","-0.87%"
"12/23/2022","1,452.80","1,454.00","1,463.80","1,449.20","1.22M","-0.14%"
"12/22/2022","1,454.80","1,448.20","1,460.50","1,448.20","3.31M","0.11%"
"12/21/2022","1,453.20","1,433.40","1,463.60","1,428.00","4.55M","1.84%"
"12/20/2022","1,427.00","1,421.00","1,430.66","1,412.40","9.35M","0.44%"
"12/19/2022","1,420.80","1,425.20","1,429.80","1,417.77","3.60M","-0.50%"
"12/16/2022","1,428.00","1,445.60","1,448.20","1,419.40","14.09M","-1.48%"
"12/15/2022","1,449.40","1,442.00","1,455.60","1,436.20","31.83M","0.39%"
"12/14/2022","1,443.80","1,447.40","1,453.60","1,437.20","6.60M","-0.59%"
"12/13/2022","1,452.40","1,437.40","1,467.00","1,432.60","6.03M","0.51%"
"12/12/2022","1,445.00","1,452.00","1,464.20","1,436.80","5.23M","-0.88%"
"12/09/2022","1,457.80","1,478.60","1,488.95","1,455.40","12.10M","-1.74%"
"12/08/2022","1,483.60","1,500.00","1,502.00","1,455.40","7.44M","-0.59%"
"12/07/2022","1,492.40","1,590.00","1,609.00","1,488.20","17.93M","7.54%"
"12/06/2022","1,387.80","1,428.60","1,433.20","1,387.80","9.17M","-2.42%"
"12/05/2022","1,422.20","1,408.00","1,432.20","1,403.80","5.66M","-0.13%"
"12/02/2022","1,424.00","1,418.40","1,427.60","1,401.20","6.06M","0.61%"
"12/01/2022","1,415.40","1,412.60","1,422.00","1,399.00","4.23M","0.61%"
"11/30/2022","1,406.80","1,421.40","1,430.60","1,404.40","12.73M","-0.78%"
"11/29/2022","1,417.80","1,393.60","1,428.40","1,391.80","5.87M","1.65%"
"11/28/2022","1,394.80","1,394.60","1,400.00","1,384.40","19.85M","0.17%"
"11/25/2022","1,392.40","1,381.60","1,399.26","1,381.60","3.47M","0.90%"
"11/24/2022","1,380.00","1,385.20","1,392.00","1,378.00","2.12M","-0.29%"
"11/23/2022","1,384.00","1,408.00","1,410.60","1,382.60","3.78M","-1.82%"
"11/22/2022","1,409.60","1,397.00","1,413.00","1,394.20","3.25M","0.83%"
"11/21/2022","1,398.00","1,368.60","1,410.20","1,368.60","6.55M","2.16%"
"11/18/2022","1,368.40","1,362.40","1,374.60","1,358.60","6.08M","1.03%"
"11/17/2022","1,354.40","1,362.00","1,374.40","1,343.40","4.26M","-1.46%"
"11/16/2022","1,374.40","1,351.40","1,383.40","1,350.00","6.68M","1.49%"
"11/15/2022","1,354.20","1,364.40","1,373.60","1,344.40","7.68M","-0.79%"
"11/14/2022","1,365.00","1,321.40","1,383.60","1,315.20","15.29M","3.13%"
"11/11/2022","1,323.60","1,379.80","1,383.60","1,310.60","12.32M","-6.01%"
"11/10/2022","1,408.20","1,400.60","1,426.00","1,398.20","6.88M","0.07%"
"11/09/2022","1,407.20","1,376.20","1,412.60","1,374.80","5.73M","1.46%"
"11/08/2022","1,387.00","1,372.80","1,389.80","1,364.61","5.44M","0.70%"
"11/07/2022","1,377.40","1,426.20","1,426.20","1,367.20","10.17M","-4.72%"
"11/04/2022","1,445.60","1,449.60","1,463.00","1,439.80","6.24M","-0.17%"
"11/03/2022","1,448.00","1,443.80","1,456.20","1,430.00","7.24M","0.17%"
"11/02/2022","1,445.60","1,460.00","1,475.40","1,432.00","13.67M","-0.03%"
"11/01/2022","1,446.00","1,434.60","1,460.00","1,428.80","7.76M","1.20%"
"10/31/2022","1,428.80","1,415.20","1,439.20","1,403.40","8.51M","0.86%"
"10/28/2022","1,416.60","1,389.80","1,420.40","1,389.80","4.03M","2.13%"
"10/27/2022","1,387.00","1,396.20","1,398.00","1,384.20","4.21M","-0.57%"
"10/26/2022","1,395.00","1,383.20","1,397.80","1,376.60","16.63M","0.82%"
"10/25/2022","1,383.60","1,393.60","1,397.80","1,373.80","4.33M","-0.27%"
"10/24/2022","1,387.40","1,392.40","1,397.40","1,366.00","4.41M","-0.36%"
"10/21/2022","1,392.40","1,363.80","1,394.40","1,358.31","4.57M","2.01%"
"10/20/2022","1,365.00","1,373.40","1,374.80","1,360.60","15.54M","-1.24%"
"10/19/2022","1,382.20","1,372.60","1,390.60","1,363.80","6.60M","1.35%"
"10/18/2022","1,363.80","1,365.40","1,372.77","1,355.80","4.31M","0.72%"
"10/17/2022","1,354.00","1,354.40","1,371.20","1,348.80","5.63M","0.28%"
"10/14/2022","1,350.20","1,344.80","1,360.40","1,335.40","5.79M","1.44%"
"10/13/2022","1,331.00","1,369.20","1,383.20","1,310.60","10.91M","-2.05%"
"10/12/2022","1,358.80","1,359.20","1,383.20","1,352.77","5.21M","0.12%"
"10/11/2022","1,357.20","1,348.20","1,362.00","1,339.91","7.50M","0.83%"
"10/10/2022","1,346.00","1,334.00","1,348.80","1,332.40","4.41M","0.25%"
"10/07/2022","1,342.60","1,320.00","1,348.00","1,318.20","9.10M","1.51%"
"10/06/2022","1,322.60","1,325.40","1,336.00","1,313.80","8.39M","-0.48%"
"10/05/2022","1,329.00","1,324.40","1,329.00","1,311.40","5.82M","0.05%"
"10/04/2022","1,328.40","1,322.20","1,341.40","1,311.20","7.13M","0.67%"
"10/03/2022","1,319.60","1,290.00","1,323.60","1,286.20","5.78M","1.06%"
"09/30/2022","1,305.80","1,310.00","1,352.31","1,304.20","9.88M","-0.76%"
"09/29/2022","1,315.80","1,325.80","1,333.92","1,306.40","11.70M","-1.92%"
"09/28/2022","1,341.60","1,319.60","1,344.13","1,312.40","6.91M","1.90%"
"09/27/2022","1,316.60","1,330.80","1,344.20","1,316.59","32.34M","-0.63%"
"09/26/2022","1,325.00","1,332.60","1,347.00","1,308.60","8.29M","0.90%"
"09/23/2022","1,313.20","1,318.00","1,328.20","1,283.20","8.06M","1.33%"
"09/22/2022","1,296.00","1,299.40","1,307.78","1,280.92","26.59M","-0.66%"
"09/21/2022","1,304.60","1,323.00","1,331.12","1,302.00","16.51M","-0.61%"
"09/20/2022","1,312.60","1,310.40","1,328.60","1,305.80","9.48M","-0.67%"
"09/16/2022","1,321.40","1,333.40","1,342.40","1,321.00","12.47M","-1.21%"
"09/15/2022","1,337.60","1,333.40","1,343.60","1,330.00","5.92M","0.41%"
"09/14/2022","1,332.20","1,356.20","1,358.00","1,329.20","5.53M","-2.00%"
"09/13/2022","1,359.40","1,371.20","1,389.00","1,353.90","4.44M","-1.32%"
"09/12/2022","1,377.60","1,351.60","1,382.00","1,342.80","7.38M","2.15%"
"09/09/2022","1,348.60","1,342.40","1,367.50","1,342.40","4.61M","0.33%"
"09/08/2022","1,344.20","1,331.00","1,346.20","1,321.20","4.87M","-0.01%"
"09/07/2022","1,344.40","1,350.00","1,355.89","1,331.00","7.13M","-0.22%"
"09/06/2022","1,347.40","1,351.40","1,366.45","1,345.20","4.52M","-0.77%"
"09/05/2022","1,357.80","1,363.00","1,367.08","1,347.60","4.99M","0.43%"
"09/02/2022","1,352.00","1,358.20","1,361.60","1,332.93","9.80M","-0.38%"
"09/01/2022","1,357.20","1,375.60","1,380.40","1,350.48","8.32M","-1.61%"
"08/31/2022","1,379.40","1,392.60","1,397.64","1,374.00","10.54M","-1.53%"
"08/30/2022","1,400.80","1,389.80","1,420.00","1,385.00","7.17M","0.43%"
"08/26/2022","1,394.80","1,414.20","1,431.99","1,389.50","8.71M","0.32%"
"08/25/2022","1,390.40","1,403.00","1,406.60","1,386.00","4.43M","-0.61%"
"08/24/2022","1,399.00","1,404.20","1,406.39","1,384.43","8.08M","-0.26%"
"08/23/2022","1,402.60","1,425.60","1,430.20","1,396.00","6.56M","-1.76%"
"08/22/2022","1,427.80","1,421.60","1,436.97","1,417.60","3.84M","0.18%"
"08/19/2022","1,425.20","1,403.20","1,437.80","1,400.00","10.32M","1.65%"
"08/18/2022","1,402.00","1,402.60","1,428.87","1,391.60","9.24M","-0.95%"
"08/17/2022","1,415.40","1,404.20","1,417.40","1,392.40","10.55M","-0.67%"
"08/16/2022","1,425.00","1,416.40","1,455.80","1,416.40","8.82M","1.35%"
"08/15/2022","1,406.00","1,456.20","1,462.00","1,393.30","13.85M","-3.03%"
"08/12/2022","1,450.00","1,450.00","1,471.80","1,415.60","14.59M","3.57%"
"08/11/2022","1,400.00","1,548.80","1,551.60","1,371.00","28.72M","-10.06%"
"08/10/2022","1,556.60","1,649.40","1,652.00","1,556.43","15.31M","-5.48%"
"08/09/2022","1,646.80","1,658.00","1,658.00","1,635.40","6.62M","-0.76%"
"08/08/2022","1,659.40","1,668.40","1,669.80","1,652.60","6.38M","-0.46%"
"08/05/2022","1,667.00","1,658.60","1,667.00","1,645.20","4.05M","0.52%"
"08/04/2022","1,658.40","1,671.40","1,685.80","1,655.20","6.34M","-1.10%"
"08/03/2022","1,676.80","1,680.00","1,688.40","1,655.20","7.02M","-1.07%"
"08/02/2022","1,695.00","1,681.80","1,708.60","1,680.29","5.07M","0.07%"
"08/01/2022","1,693.80","1,723.00","1,731.33","1,690.60","4.80M","-1.96%"
"07/29/2022","1,727.60","1,751.00","1,758.60","1,722.20","7.98M","-0.88%"
"07/28/2022","1,743.00","1,775.00","1,777.18","1,728.80","6.56M","-0.73%"
"07/27/2022","1,755.80","1,751.80","1,771.20","1,737.20","8.90M","0.05%"
"07/26/2022","1,755.00","1,740.40","1,760.40","1,740.20","5.26M","0.58%"
"07/25/2022","1,744.80","1,738.00","1,766.40","1,737.40","7.47M","0.09%"
"07/22/2022","1,743.20","1,746.20","1,764.60","1,739.40","7.27M","-0.21%"
"07/21/2022","1,746.80","1,798.20","1,798.20","1,735.60","7.12M","-1.66%"
"07/20/2022","1,776.20","1,798.20","1,808.40","1,775.00","6.64M","-0.40%"
"07/19/2022","1,783.40","1,730.00","1,783.40","1,727.80","9.36M","2.66%"
"07/18/2022","1,737.25","1,750.25","1,802.00","1,715.00","10.93M","0.04%"
"07/15/2022","1,736.50","1,707.01","1,739.13","1,695.75","7.80M","2.33%"
"07/14/2022","1,696.91","1,707.01","1,711.45","1,682.16","13.53M","-0.88%"
"07/13/2022","1,712.06","1,753.87","1,756.33","1,709.23","9.40M","-2.73%"
"07/12/2022","1,760.14","1,780.13","1,782.15","1,756.70","8.41M","-1.48%"
"07/11/2022","1,786.60","1,761.35","1,789.83","1,745.59","4.00M","0.80%"
"07/08/2022","1,772.46","1,798.52","1,809.83","1,757.19","5.07M","-2.04%"
"07/07/2022","1,809.43","1,814.07","1,828.62","1,804.58","11.48M","0.07%"
"07/06/2022","1,808.21","1,818.92","1,842.76","1,793.23","7.65M","0.20%"
"07/05/2022","1,804.58","1,818.11","1,824.78","1,797.71","8.00M","-0.89%"
"07/04/2022","1,820.74","1,810.23","1,830.84","1,807.81","3.36M","0.95%"
"07/01/2022","1,803.57","1,773.67","1,803.77","1,765.39","4.87M","1.13%"
"06/30/2022","1,783.37","1,785.59","1,795.29","1,767.20","5.08M","-1.53%"
"06/29/2022","1,811.04","1,775.49","1,811.04","1,769.02","5.13M","1.53%"
"06/28/2022","1,783.77","1,790.64","1,801.66","1,781.35","8.96M","0.10%"
"06/27/2022","1,781.95","1,775.69","1,787.81","1,766.60","8.71M","0.46%"
"06/24/2022","1,773.87","1,751.65","1,773.87","1,746.40","5.00M","2.13%"
"06/23/2022","1,736.90","1,711.05","1,746.20","1,708.22","6.20M","0.81%"
"06/22/2022","1,722.96","1,703.57","1,727.21","1,696.83","14.48M","0.84%"
"06/21/2022","1,708.62","1,717.11","1,722.56","1,700.94","5.95M","-0.45%"
"06/20/2022","1,716.30","1,701.55","1,718.52","1,701.15","1.95M","0.93%"
"06/17/2022","1,700.54","1,696.70","1,707.61","1,682.76","13.65M","0.69%"
"06/16/2022","1,688.82","1,723.17","1,731.45","1,688.22","9.92M","-2.71%"
"06/15/2022","1,735.89","1,726.60","1,747.41","1,723.37","11.36M","0.37%"
"06/14/2022","1,729.43","1,751.65","1,753.47","1,716.58","7.27M","-1.41%"
"06/13/2022","1,754.07","1,752.86","1,769.83","1,741.35","6.79M","0.00%"
"06/10/2022","1,754.07","1,766.40","1,773.87","1,724.18","7.32M","1.57%"
"06/09/2022","1,727.01","1,750.03","1,767.20","1,725.59","6.36M","-2.35%"
"06/08/2022","1,768.62","1,752.46","1,773.67","1,743.17","13.81M","1.83%"
"06/07/2022","1,736.90","1,717.51","1,743.37","1,712.06","7.26M","1.45%"
"06/06/2022","1,712.06","1,739.33","1,746.20","1,711.45","4.38M","-0.75%"
"06/01/2022","1,724.98","1,760.54","1,769.22","1,722.16","5.04M","-1.43%"
"05/31/2022","1,750.03","1,745.99","1,759.33","1,743.57","14.72M","0.27%"
"05/30/2022","1,745.39","1,751.85","1,755.69","1,733.06","3.44M","-0.30%"
"05/27/2022","1,750.64","1,767.00","1,769.63","1,744.98","4.90M","-1.17%"
"05/26/2022","1,771.45","1,802.96","1,803.16","1,771.45","4.98M","-1.19%"
"05/25/2022","1,792.86","1,806.60","1,808.01","1,791.04","4.85M","-0.39%"
"05/24/2022","1,799.93","1,781.55","1,810.23","1,780.37","9.24M","0.00%"
"05/23/2022","1,799.93","1,802.15","1,803.37","1,780.13","5.00M","1.02%"
"05/20/2022","1,781.75","1,765.59","1,789.83","1,759.33","6.53M","1.87%"
"05/19/2022","1,749.02","1,766.80","1,774.48","1,729.23","9.96M","-2.18%"
"05/18/2022","1,788.01","1,801.14","1,824.03","1,787.20","5.56M","-0.90%"
"05/17/2022","1,804.17","1,814.07","1,814.07","1,791.04","4.15M","-0.68%"
"05/16/2022","1,816.50","1,770.44","1,816.50","1,764.58","6.39M","2.45%"
"05/13/2022","1,773.06","1,748.62","1,778.72","1,740.14","5.16M","2.46%"
"05/12/2022","1,730.44","1,737.91","1,743.97","1,720.14","5.50M","-1.54%"
"05/11/2022","1,757.51","1,762.96","1,764.93","1,734.48","14.25M","-0.31%"
"05/10/2022","1,762.96","1,755.69","1,769.73","1,740.54","4.98M","0.50%"
"05/09/2022","1,754.28","1,781.95","1,784.58","1,752.26","4.37M","-1.82%"
"05/06/2022","1,786.80","1,801.34","1,805.39","1,777.71","9.62M","-0.65%"
"05/05/2022","1,798.52","1,786.19","1,811.45","1,785.59","4.81M","0.53%"
"05/04/2022","1,789.02","1,802.96","1,810.44","1,784.58","4.27M","-1.31%"
"05/03/2022","1,812.86","1,783.97","1,812.86","1,783.16","11.37M","-0.12%"
"04/29/2022","1,815.08","1,817.91","1,835.28","1,803.77","7.80M","-0.74%"
"04/28/2022","1,828.62","1,811.85","1,830.03","1,799.12","7.00M","0.75%"
"04/27/2022","1,815.08","1,767.61","1,830.23","1,763.97","8.75M","2.42%"
"04/26/2022","1,772.26","1,770.84","1,780.28","1,753.88","7.02M","0.89%"
"04/25/2022","1,756.70","1,737.31","1,760.54","1,721.75","5.30M","-0.16%"
"04/22/2022","1,759.53","1,765.39","1,768.62","1,755.85","5.34M","-0.16%"
"04/21/2022","1,762.36","1,765.99","1,767.81","1,753.06","6.94M","0.23%"
"04/20/2022","1,758.32","1,770.24","1,774.88","1,751.45","6.77M","-1.07%"
"04/19/2022","1,777.31","1,775.89","1,785.99","1,761.71","11.40M","-0.76%"
"04/14/2022","1,790.84","1,790.44","1,804.38","1,780.90","9.42M","-0.46%"
"04/13/2022","1,799.12","1,797.91","1,819.73","1,787.41","5.91M","-0.15%"
"04/12/2022","1,801.75","1,793.47","1,807.61","1,779.93","7.14M","0.00%"
"04/11/2022","1,801.75","1,788.82","1,805.99","1,785.18","6.35M","0.29%"
"04/08/2022","1,796.50","1,767.61","1,797.71","1,765.19","8.05M","2.16%"
"04/07/2022","1,758.52","1,756.30","1,763.39","1,741.75","8.82M","0.94%"
"04/06/2022","1,742.16","1,712.26","1,742.16","1,710.04","9.08M","1.23%"
"04/05/2022","1,720.94","1,683.17","1,724.81","1,674.94","5.44M","3.09%"
"04/04/2022","1,669.43","1,683.98","1,685.41","1,664.99","3.22M","-0.23%"
"04/01/2022","1,673.27","1,667.81","1,678.91","1,662.97","3.94M","0.57%"
"03/31/2022","1,663.78","1,670.84","1,683.57","1,663.78","5.40M","-0.82%"
"03/30/2022","1,677.51","1,650.44","1,677.51","1,645.21","6.26M","1.18%"
"03/29/2022","1,657.92","1,660.74","1,680.54","1,648.22","5.25M","0.09%"
"03/28/2022","1,656.50","1,644.38","1,668.82","1,638.72","4.71M","1.01%"
"03/25/2022","1,639.94","1,639.53","1,647.84","1,631.67","5.70M","-0.12%"
"03/24/2022","1,641.96","1,624.18","1,649.43","1,623.50","6.06M","0.81%"
"03/23/2022","1,628.83","1,636.10","1,643.78","1,626.00","4.86M","-0.59%"
"03/22/2022","1,638.52","1,639.73","1,641.55","1,626.20","10.38M","0.38%"
"03/21/2022","1,632.26","1,623.37","1,636.70","1,618.93","12.06M","0.37%"
"03/18/2022","1,626.20","1,633.47","1,637.71","1,610.04","20.60M","-0.48%"
"03/17/2022","1,634.08","1,597.92","1,634.08","1,589.03","4.84M","2.28%"
"03/16/2022","1,597.72","1,603.78","1,607.01","1,582.16","9.20M","0.75%"
"03/15/2022","1,585.80","1,558.73","1,585.80","1,553.79","5.36M","0.60%"
"03/14/2022","1,576.30","1,563.58","1,586.61","1,550.04","5.29M","0.91%"
"03/11/2022","1,562.16","1,550.04","1,572.67","1,546.33","6.17M","0.95%"
"03/10/2022","1,547.42","1,564.79","1,572.06","1,538.12","7.36M","-0.94%"
"03/09/2022","1,562.16","1,569.64","1,569.64","1,541.15","8.71M","2.52%"
"03/08/2022","1,523.78","1,495.70","1,523.78","1,488.43","8.46M","1.66%"
"03/07/2022","1,498.93","1,474.69","1,508.63","1,459.94","10.48M","-0.31%"
"03/04/2022","1,503.58","1,540.34","1,547.62","1,489.44","9.90M","-2.45%"
"03/03/2022","1,541.35","1,559.74","1,565.19","1,539.94","4.51M","-1.56%"
"03/02/2022","1,565.80","1,561.76","1,574.67","1,534.29","7.33M","0.34%"
"03/01/2022","1,560.55","1,574.89","1,576.71","1,544.39","4.41M","-0.03%"
"02/28/2022","1,560.95","1,555.09","1,575.09","1,539.13","7.10M","-1.19%"
"02/25/2022","1,579.74","1,523.98","1,584.79","1,517.47","5.95M","3.89%"
"02/24/2022","1,520.55","1,545.40","1,563.58","1,520.35","8.84M","-4.30%"
"02/23/2022","1,588.83","1,575.70","1,599.13","1,574.28","5.91M","0.99%"
"02/22/2022","1,573.27","1,557.52","1,577.41","1,545.40","15.30M","-0.24%"
"02/21/2022","1,577.11","1,580.75","1,594.89","1,568.02","2.91M","-0.36%"
"02/18/2022","1,582.77","1,577.31","1,601.56","1,571.86","6.28M","-0.80%"
"02/17/2022","1,595.49","1,592.06","1,598.32","1,578.73","5.91M","0.23%"
"02/16/2022","1,591.86","1,612.87","1,613.88","1,590.24","5.88M","-1.36%"
"02/15/2022","1,613.88","1,587.82","1,617.11","1,584.99","6.79M","1.69%"
"02/14/2022","1,587.01","1,636.50","1,636.91","1,582.97","8.57M","-2.98%"
"02/11/2022","1,635.69","1,633.88","1,641.35","1,616.71","8.58M","-1.32%"
"02/10/2022","1,657.51","1,643.98","1,671.65","1,629.07","5.32M","1.25%"
"02/09/2022","1,637.11","1,652.46","1,683.77","1,627.21","6.04M","-1.40%"
"02/08/2022","1,660.34","1,656.50","1,675.29","1,648.22","5.09M","0.34%"
"02/07/2022","1,654.68","1,650.04","1,662.56","1,643.78","9.23M","0.20%"
"02/04/2022","1,651.45","1,657.51","1,664.18","1,648.02","4.50M","0.39%"
"02/03/2022","1,644.99","1,670.24","1,676.30","1,644.99","5.28M","-1.30%"
"02/02/2022","1,666.60","1,675.69","1,679.33","1,654.28","4.75M","0.35%"
"02/01/2022","1,660.74","1,658.93","1,677.51","1,652.36","5.99M","0.07%"
"01/31/2022","1,659.53","1,688.02","1,689.23","1,657.71","5.05M","-1.08%"
"01/28/2022","1,677.71","1,707.01","1,713.97","1,670.64","12.41M","-1.19%"
"01/27/2022","1,697.92","1,647.01","1,700.34","1,634.69","6.28M","3.02%"
"01/26/2022","1,648.22","1,647.21","1,654.48","1,636.10","7.29M","1.08%"
"01/25/2022","1,630.65","1,633.68","1,633.68","1,609.64","5.41M","-0.01%"
"01/24/2022","1,630.85","1,658.72","1,662.56","1,630.85","6.49M","-1.98%"
"01/21/2022","1,663.78","1,643.57","1,670.44","1,637.11","7.96M","0.65%"
"01/20/2022","1,653.07","1,673.47","1,674.89","1,637.11","8.26M","-1.79%"
"01/19/2022","1,683.17","1,718.32","1,723.57","1,683.17","8.05M","-2.05%"
"01/18/2022","1,718.32","1,718.92","1,724.48","1,703.57","8.31M","-0.39%"
"01/17/2022","1,724.98","1,737.71","1,754.48","1,709.03","10.82M","4.07%"
"01/14/2022","1,657.51","1,638.72","1,667.21","1,637.11","4.11M","0.60%"
"01/13/2022","1,647.61","1,650.04","1,656.10","1,642.16","7.77M","-0.29%"
"01/12/2022","1,652.46","1,651.05","1,659.33","1,645.39","8.11M","0.27%"
"01/11/2022","1,648.02","1,628.83","1,651.65","1,628.83","5.64M","1.25%"
"01/10/2022","1,627.61","1,616.10","1,630.44","1,604.05","9.69M","0.81%"
"01/07/2022","1,614.48","1,596.91","1,614.48","1,594.69","4.11M","0.60%"
"01/06/2022","1,604.79","1,603.57","1,615.82","1,596.51","3.27M","-1.01%"
"01/05/2022","1,621.15","1,603.98","1,623.37","1,601.15","4.45M","0.48%"
"01/04/2022","1,613.47","1,606.60","1,623.98","1,595.90","5.75M","-0.57%"
"12/31/2021","1,622.77","1,619.74","1,640.14","1,617.11","1.62M","-0.70%"
"12/30/2021","1,634.28","1,635.29","1,645.17","1,632.67","1.92M","0.04%"
"12/29/2021","1,633.68","1,637.31","1,643.78","1,630.65","3.36M","0.21%"
"12/24/2021","1,630.24","1,626.20","1,635.09","1,617.51","826.30K","-0.01%"
"12/23/2021","1,630.44","1,629.23","1,635.49","1,613.47","2.28M","-0.02%"
"12/22/2021","1,630.85","1,629.23","1,630.85","1,615.29","3.08M","0.42%"
"12/21/2021","1,623.98","1,609.64","1,623.98","1,608.02","5.18M","1.01%"
"12/20/2021","1,607.82","1,601.76","1,613.07","1,590.65","5.48M","-1.34%"
"12/17/2021","1,629.64","1,636.30","1,640.95","1,624.89","11.16M","-0.32%"
"12/16/2021","1,634.89","1,638.72","1,640.54","1,606.43","29.02M","0.62%"
"12/15/2021","1,624.79","1,618.32","1,624.79","1,605.39","5.61M","0.66%"
"12/14/2021","1,614.08","1,628.22","1,635.09","1,606.51","3.67M","-0.54%"
"12/13/2021","1,622.77","1,623.98","1,627.01","1,614.28","8.92M","-0.34%"
"12/10/2021","1,628.22","1,613.07","1,629.43","1,602.16","5.07M","0.93%"
"12/09/2021","1,613.27","1,613.47","1,620.95","1,606.60","3.75M","0.34%"
"12/08/2021","1,607.82","1,597.92","1,611.45","1,592.06","5.54M","1.02%"
"12/07/2021","1,591.66","1,575.70","1,611.05","1,568.02","4.80M","1.35%"
"12/06/2021","1,570.44","1,557.92","1,581.56","1,554.28","3.97M","1.32%"
"12/03/2021","1,550.04","1,554.28","1,556.71","1,541.96","4.79M","0.04%"
"12/02/2021","1,549.44","1,560.55","1,570.24","1,547.82","5.02M","-0.47%"
"12/01/2021","1,556.71","1,539.13","1,560.34","1,536.51","5.72M","1.06%"
"11/30/2021","1,540.34","1,532.47","1,552.06","1,520.55","14.67M","0.00%"
"11/29/2021","1,540.34","1,530.85","1,551.66","1,520.55","8.01M","0.94%"
"11/26/2021","1,526.00","1,527.21","1,542.16","1,518.12","7.24M","-1.90%"
"11/25/2021","1,555.50","1,555.50","1,560.34","1,549.03","3.61M","0.03%"
"11/24/2021","1,555.09","1,547.62","1,563.78","1,545.60","3.79M","0.40%"
"11/23/2021","1,548.83","1,536.71","1,557.52","1,523.98","4.66M","0.47%"
"11/22/2021","1,541.56","1,543.38","1,548.43","1,532.17","2.99M","0.30%"
"11/19/2021","1,536.91","1,540.34","1,548.02","1,530.93","17.81M","0.63%"
"11/18/2021","1,527.21","1,552.06","1,556.30","1,521.76","7.33M","-3.01%"
"11/17/2021","1,574.69","1,569.23","1,578.53","1,555.90","5.45M","0.06%"
"11/16/2021","1,573.68","1,591.45","1,595.81","1,564.59","19.46M","-1.85%"
"11/15/2021","1,603.37","1,609.23","1,615.29","1,593.88","3.89M","-0.38%"
"11/12/2021","1,609.43","1,610.44","1,620.54","1,603.57","5.94M","0.23%"
"11/11/2021","1,605.80","1,601.56","1,609.84","1,595.70","5.17M","-0.03%"
"11/10/2021","1,606.20","1,575.49","1,606.20","1,570.65","7.91M","1.95%"
"11/09/2021","1,575.49","1,573.88","1,581.76","1,565.80","5.12M","0.10%"
"11/08/2021","1,573.88","1,589.64","1,589.84","1,556.51","5.85M","-1.13%"
"11/05/2021","1,591.86","1,595.90","1,607.01","1,584.18","4.68M","0.36%"
"11/04/2021","1,586.20","1,588.42","1,591.25","1,569.03","9.19M","-0.01%"
"11/03/2021","1,586.40","1,564.59","1,586.40","1,561.13","8.11M","0.38%"
"11/02/2021","1,580.34","1,559.94","1,580.34","1,517.11","5.66M","1.31%"
"11/01/2021","1,559.94","1,535.30","1,564.39","1,533.87","8.36M","2.37%"
"10/29/2021","1,523.78","1,504.59","1,527.21","1,501.16","6.11M","0.64%"
"10/28/2021","1,514.08","1,508.02","1,521.86","1,473.88","9.07M","3.97%"
"10/27/2021","1,456.31","1,456.51","1,501.16","1,436.71","8.41M","0.53%"
"10/26/2021","1,448.63","1,441.76","1,449.24","1,436.92","3.74M","0.67%"
"10/25/2021","1,438.94","1,442.37","1,450.65","1,436.31","4.12M","0.27%"
"10/22/2021","1,435.10","1,428.03","1,440.55","1,423.38","3.46M","0.71%"
"10/21/2021","1,425.00","1,424.19","1,428.23","1,415.85","3.78M","0.18%"
"10/20/2021","1,422.37","1,423.38","1,425.80","1,413.08","4.31M","0.07%"
"10/19/2021","1,421.36","1,404.19","1,421.76","1,399.54","5.46M","0.83%"
"10/18/2021","1,409.64","1,407.62","1,420.55","1,401.97","3.23M","-0.29%"
"10/15/2021","1,413.68","1,419.14","1,419.14","1,403.58","6.25M","-0.16%"
"10/14/2021","1,415.91","1,424.59","1,424.59","1,409.44","3.57M","0.06%"
"10/13/2021","1,415.10","1,413.89","1,418.73","1,399.68","5.79M","-0.28%"
"10/12/2021","1,419.14","1,396.92","1,475.13","1,392.02","10.94M","0.88%"
"10/11/2021","1,406.81","1,407.42","1,412.67","1,402.17","4.26M","-0.44%"
"10/08/2021","1,413.08","1,422.17","1,424.79","1,412.27","4.24M","-0.13%"
"10/07/2021","1,414.90","1,399.74","1,416.51","1,398.13","6.93M","1.48%"
"10/06/2021","1,394.29","1,390.86","1,396.11","1,376.51","4.75M","-0.55%"
"10/05/2021","1,401.97","1,396.31","1,408.03","1,393.00","5.79M","0.23%"
"10/04/2021","1,398.73","1,398.73","1,411.66","1,394.90","4.19M","-0.06%"
"10/01/2021","1,399.54","1,412.67","1,414.09","1,394.90","4.68M","-1.28%"
"09/30/2021","1,417.72","1,432.47","1,433.28","1,414.69","5.38M","-0.10%"
"09/29/2021","1,419.14","1,407.22","1,421.36","1,403.38","4.50M","1.59%"
"09/28/2021","1,396.92","1,394.29","1,409.44","1,393.68","4.80M","-0.30%"
"09/27/2021","1,401.16","1,412.27","1,413.48","1,396.71","5.76M","-0.06%"
"09/24/2021","1,401.97","1,426.01","1,428.63","1,399.95","5.57M","-1.84%"
"09/23/2021","1,428.23","1,443.38","1,447.42","1,428.23","3.59M","-1.05%"
"09/22/2021","1,443.38","1,431.26","1,448.63","1,424.79","5.51M","0.70%"
"09/21/2021","1,433.28","1,420.15","1,433.28","1,414.69","6.95M","1.07%"
"09/20/2021","1,418.13","1,404.80","1,422.17","1,391.26","4.52M","1.14%"
"09/17/2021","1,402.17","1,417.52","1,419.95","1,397.52","10.15M","-0.49%"
"09/16/2021","1,409.04","1,417.93","1,419.14","1,403.79","7.13M","-0.19%"
"09/15/2021","1,411.66","1,426.21","1,429.24","1,409.64","5.29M","-1.17%"
"09/14/2021","1,428.43","1,430.05","1,434.29","1,423.12","3.38M","-0.08%"
"09/13/2021","1,429.64","1,440.95","1,447.62","1,428.83","3.08M","-0.30%"
"09/10/2021","1,433.89","1,432.67","1,457.52","1,421.16","3.01M","-0.50%"
"09/09/2021","1,441.16","1,461.36","1,462.17","1,440.89","4.62M","-1.80%"
"09/08/2021","1,467.62","1,478.73","1,478.73","1,457.52","6.82M","-1.21%"
"09/07/2021","1,485.60","1,511.05","1,511.05","1,481.16","2.87M","-1.17%"
"09/06/2021","1,503.18","1,489.24","1,503.58","1,489.24","1.88M","0.64%"
"09/03/2021","1,493.68","1,495.70","1,501.96","1,484.99","3.12M","0.18%"
"09/02/2021","1,491.05","1,489.24","1,495.30","1,484.19","4.37M","0.33%"
"09/01/2021","1,486.21","1,477.92","1,504.27","1,477.92","4.39M","0.64%"
"08/31/2021","1,476.71","1,474.89","1,489.64","1,466.41","6.46M","-0.92%"
"08/27/2021","1,490.45","1,487.01","1,495.90","1,487.01","3.27M","-0.20%"
"08/26/2021","1,493.48","1,489.84","1,499.74","1,486.14","3.61M","-0.28%"
"08/25/2021","1,497.72","1,492.87","1,500.62","1,491.66","3.12M","-0.07%"
"08/24/2021","1,498.73","1,515.90","1,515.90","1,485.60","4.73M","-1.24%"
"08/23/2021","1,517.52","1,538.12","1,540.95","1,513.68","2.97M","-0.86%"
"08/20/2021","1,530.65","1,531.26","1,536.10","1,520.35","4.33M","0.12%"
"08/19/2021","1,528.83","1,509.84","1,529.03","1,501.76","4.50M","-0.80%"
"08/18/2021","1,541.15","1,537.72","1,544.18","1,523.98","4.71M","0.62%"
"08/17/2021","1,531.66","1,507.82","1,535.70","1,504.39","5.61M","1.15%"
"08/16/2021","1,514.29","1,504.99","1,514.49","1,498.82","3.98M","0.50%"
"08/13/2021","1,506.81","1,494.08","1,510.04","1,491.66","4.51M","1.21%"
"08/12/2021","1,488.83","1,482.77","1,489.64","1,228.06","2.87M","0.59%"
"08/11/2021","1,480.15","1,462.17","1,487.30","1,460.35","4.32M","1.34%"
"08/10/2021","1,460.55","1,455.90","1,464.19","1,454.49","5.26M","-0.17%"
"08/09/2021","1,462.97","1,452.67","1,463.58","1,451.26","4.46M","0.84%"
"08/06/2021","1,450.85","1,458.73","1,460.15","1,446.01","4.65M","-0.39%"
"08/05/2021","1,456.51","1,452.87","1,459.14","1,451.06","4.90M","0.59%"
"08/04/2021","1,448.03","1,454.49","1,455.70","1,444.59","3.57M","0.01%"
"08/03/2021","1,447.82","1,449.04","1,457.12","1,436.71","4.75M","0.41%"
"08/02/2021","1,441.96","1,435.70","1,441.96","1,420.55","4.77M","0.69%"
"07/30/2021","1,432.07","1,419.74","1,435.30","1,412.47","5.78M","0.81%"
"07/29/2021","1,420.55","1,423.99","1,439.14","1,415.91","4.83M","0.34%"
"07/28/2021","1,415.70","1,402.98","1,440.55","1,397.32","6.40M","0.17%"
"07/27/2021","1,413.28","1,406.81","1,415.91","1,397.18","3.30M","-0.04%"
"07/26/2021","1,413.89","1,425.40","1,429.84","1,407.22","3.15M","-1.14%"
"07/23/2021","1,430.25","1,422.77","1,433.48","1,420.35","2.51M","0.45%"
"07/22/2021","1,423.78","1,426.01","1,430.45","1,416.74","2.95M","-0.30%"
"07/21/2021","1,428.03","1,425.80","1,446.41","1,422.77","4.83M","0.10%"
"07/20/2021","1,426.61","1,435.70","1,439.54","1,423.18","6.94M","-0.11%"
"07/19/2021","1,428.23","1,438.73","1,455.50","1,415.70","5.49M","-0.74%"
"07/16/2021","1,438.94","1,426.01","1,438.94","1,421.33","5.85M","1.25%"
"07/15/2021","1,421.16","1,452.27","1,453.99","1,420.96","4.59M","-2.14%"
"07/14/2021","1,452.27","1,453.08","1,455.90","1,442.17","4.32M","-0.44%"
"07/13/2021","1,458.73","1,447.62","1,458.73","1,444.39","3.44M","0.38%"
"07/12/2021","1,453.28","1,442.57","1,456.71","1,432.88","3.55M","0.25%"
"07/09/2021","1,449.64","1,446.21","1,454.89","1,439.34","5.07M","0.65%"
"07/08/2021","1,440.35","1,444.39","1,447.22","1,431.46","6.58M","-0.77%"
"07/07/2021","1,451.46","1,449.64","1,453.08","1,440.75","3.85M","0.20%"
"07/06/2021","1,448.63","1,443.38","1,454.49","1,441.16","3.09M","0.13%"
"07/05/2021","1,446.81","1,456.11","1,458.53","1,441.96","1.93M","-0.38%"
"07/02/2021","1,452.27","1,452.67","1,463.65","1,448.83","4.91M","-0.01%"
"07/01/2021","1,452.47","1,449.04","1,453.68","1,437.93","4.41M","1.31%"
"06/30/2021","1,433.68","1,442.77","1,445.60","1,430.65","5.67M","-0.43%"
"06/29/2021","1,439.94","1,432.67","1,446.41","1,429.44","3.63M","0.31%"
"06/28/2021","1,435.50","1,424.39","1,439.14","1,420.55","4.16M","0.57%"
"06/25/2021","1,427.42","1,428.43","1,431.66","1,417.32","4.60M","0.16%"
"06/24/2021","1,425.20","1,428.83","1,431.86","1,415.30","8.12M","0.13%"
"06/23/2021","1,423.38","1,395.70","1,458.13","1,385.40","9.91M","1.03%"
"06/22/2021","1,408.83","1,423.38","1,427.40","1,405.20","4.89M","-1.43%"
"06/21/2021","1,429.24","1,432.67","1,440.75","1,420.83","3.89M","-0.59%"
"06/18/2021","1,437.72","1,449.84","1,453.28","1,434.49","11.62M","-0.84%"
"06/17/2021","1,449.84","1,434.29","1,451.86","1,431.86","3.95M","-0.01%"
"06/16/2021","1,450.05","1,425.00","1,466.21","1,424.79","10.18M","1.31%"
"06/15/2021","1,431.26","1,432.88","1,438.13","1,424.74","5.22M","0.68%"
"06/14/2021","1,421.56","1,418.73","1,428.22","1,415.70","3.99M","0.29%"
"06/11/2021","1,417.52","1,414.29","1,422.37","1,413.28","4.46M","0.49%"
"06/10/2021","1,410.65","1,401.36","1,418.91","1,398.25","5.65M","1.17%"
"06/09/2021","1,394.29","1,364.80","1,397.52","1,362.17","6.35M","2.12%"
"06/08/2021","1,365.40","1,365.00","1,380.78","1,364.59","4.01M","-0.04%"
"06/07/2021","1,366.01","1,366.41","1,374.94","1,356.92","2.91M","-0.13%"
"06/04/2021","1,367.83","1,362.98","1,368.43","1,354.30","2.45M","0.80%"
"06/03/2021","1,356.92","1,353.89","1,361.97","1,343.79","3.69M","0.27%"
"06/02/2021","1,353.28","1,349.24","1,360.55","1,348.27","4.05M","0.15%"
"06/01/2021","1,351.26","1,367.42","1,372.32","1,350.66","4.23M","-0.48%"
"05/28/2021","1,357.73","1,347.42","1,365.60","1,347.22","9.37M","0.31%"
"05/27/2021","1,353.48","1,362.37","1,363.58","1,341.56","15.70M","-0.98%"
"05/26/2021","1,366.82","1,364.39","1,370.72","1,359.75","2.71M","0.09%"
"05/25/2021","1,365.60","1,362.98","1,373.92","1,359.62","6.68M","-0.19%"
"05/24/2021","1,368.23","1,373.69","1,378.53","1,363.79","2.50M","-0.03%"
"05/21/2021","1,368.64","1,370.45","1,377.12","1,358.94","5.06M","-0.37%"
"05/20/2021","1,373.69","1,366.61","1,377.12","1,360.96","5.02M","-0.50%"
"05/19/2021","1,380.55","1,383.38","1,387.42","1,370.66","4.13M","-0.65%"
"05/18/2021","1,389.64","1,391.87","1,395.30","1,379.54","4.84M","-0.28%"
"05/17/2021","1,393.48","1,388.43","1,399.74","1,376.71","4.50M","0.67%"
"05/14/2021","1,384.19","1,378.73","1,387.58","1,373.89","7.63M","1.26%"
"05/13/2021","1,367.02","1,349.44","1,370.45","1,344.16","3.79M","0.42%"
"05/12/2021","1,361.36","1,340.15","1,364.59","1,339.14","7.49M","1.32%"
"05/11/2021","1,343.58","1,357.52","1,361.56","1,332.88","5.95M","-1.60%"
"05/10/2021","1,365.40","1,368.64","1,372.41","1,360.96","4.20M","-0.28%"
"05/07/2021","1,369.24","1,360.55","1,374.80","1,358.53","3.00M","0.85%"
"05/06/2021","1,357.73","1,355.71","1,366.21","1,348.03","6.98M","0.34%"
"05/05/2021","1,353.08","1,344.39","1,367.42","1,344.39","4.43M","0.56%"
"05/04/2021","1,345.60","1,351.46","1,366.25","1,345.00","9.05M","-0.55%"
"04/30/2021","1,353.08","1,344.19","1,362.37","1,344.19","6.24M","0.75%"
"04/29/2021","1,342.98","1,348.23","1,360.17","1,337.82","3.55M","-0.52%"
"04/28/2021","1,350.05","1,335.51","1,383.58","1,326.62","6.36M","-0.01%"
"04/27/2021","1,350.25","1,355.50","1,361.98","1,347.40","5.40M","-0.28%"
"04/26/2021","1,354.09","1,353.69","1,363.79","1,349.04","3.44M","-0.15%"
"04/23/2021","1,356.11","1,358.94","1,363.58","1,348.84","3.92M","-0.43%"
"04/22/2021","1,361.97","1,360.55","1,367.42","1,354.49","4.19M","0.03%"
"04/21/2021","1,361.56","1,345.40","1,368.03","1,341.13","6.11M","1.72%"
"04/20/2021","1,338.54","1,345.81","1,358.53","1,336.11","6.30M","-0.96%"
"04/19/2021","1,351.46","1,354.90","1,366.70","1,345.00","6.02M","-0.62%"
"04/16/2021","1,359.95","1,369.85","1,377.52","1,357.32","9.05M","-0.15%"
"04/15/2021","1,361.97","1,298.54","1,402.98","1,281.86","17.33M","4.56%"
"04/14/2021","1,302.58","1,303.79","1,314.29","1,299.67","3.77M","0.14%"
"04/13/2021","1,300.76","1,305.20","1,312.88","1,297.32","5.80M","-0.76%"
"04/12/2021","1,310.66","1,328.23","1,329.44","1,305.41","5.56M","-1.67%"
"04/09/2021","1,332.88","1,330.66","1,335.71","1,317.32","5.28M","-0.15%"
"04/08/2021","1,334.90","1,313.28","1,334.90","1,311.26","8.44M","1.61%"
"04/07/2021","1,313.69","1,303.59","1,319.94","1,300.96","6.48M","0.84%"
"04/06/2021","1,302.78","1,297.32","1,308.84","1,294.29","5.95M","0.95%"
"04/01/2021","1,290.46","1,303.79","1,310.45","1,284.40","5.20M","-0.81%"
"03/31/2021","1,300.96","1,318.13","1,320.76","1,300.96","7.13M","-1.45%"
"03/30/2021","1,320.15","1,323.38","1,328.30","1,312.68","4.86M","-0.17%"
"03/29/2021","1,322.37","1,317.32","1,326.01","1,305.95","6.25M","0.93%"
"03/26/2021","1,310.25","1,297.93","1,310.86","1,296.46","7.10M","0.95%"
"03/25/2021","1,297.93","1,295.71","1,304.20","1,289.85","6.51M","0.02%"
"03/24/2021","1,297.73","1,310.86","1,311.67","1,289.65","6.87M","-1.03%"
"03/23/2021","1,311.26","1,313.28","1,321.77","1,301.57","5.78M","-0.29%"
"03/22/2021","1,315.10","1,314.09","1,324.39","1,303.99","5.39M","0.45%"
"03/19/2021","1,309.24","1,307.83","1,314.09","1,300.15","15.74M","-0.15%"
"03/18/2021","1,311.26","1,301.16","1,313.89","1,291.26","7.17M","0.84%"
"03/17/2021","1,300.35","1,297.32","1,320.15","1,296.31","7.75M","-0.28%"
"03/16/2021","1,303.99","1,287.83","1,303.99","1,285.20","7.12M","1.97%"
"03/15/2021","1,278.74","1,276.31","1,285.29","1,269.16","6.15M","0.49%"
"03/12/2021","1,272.48","1,270.86","1,279.51","1,268.03","4.61M","0.30%"
"03/11/2021","1,268.64","1,285.41","1,285.41","1,262.38","6.92M","-0.63%"
"03/10/2021","1,276.72","1,260.15","1,278.74","1,259.75","7.98M","0.44%"
"03/09/2021","1,271.06","1,264.60","1,283.79","1,261.37","7.55M","0.50%"
"03/08/2021","1,264.80","1,260.56","1,268.23","1,233.89","6.67M","0.74%"
"03/05/2021","1,255.51","1,224.60","1,259.55","1,222.98","8.01M","1.54%"
"03/04/2021","1,236.52","1,219.15","1,246.62","1,216.11","7.66M","1.36%"
"03/03/2021","1,219.95","1,229.04","1,234.70","1,210.86","6.12M","-0.08%"
"03/02/2021","1,220.96","1,213.08","1,235.33","1,210.46","5.74M","0.68%"
"03/01/2021","1,212.68","1,214.70","1,227.62","1,207.83","5.55M","0.82%"
"02/26/2021","1,202.78","1,214.30","1,263.35","1,202.78","9.38M","-2.07%"
"02/25/2021","1,228.24","1,227.23","1,232.68","1,216.92","4.93M","0.25%"
"02/24/2021","1,225.21","1,219.55","1,234.09","1,211.27","6.61M","-0.15%"
"02/23/2021","1,227.02","1,217.53","1,250.57","1,208.04","7.95M","0.78%"
"02/22/2021","1,217.53","1,223.39","1,238.19","1,213.36","11.64M","-0.81%"
"02/19/2021","1,227.43","1,237.93","1,245.50","1,224.80","13.08M","-1.92%"
"02/18/2021","1,251.47","1,272.68","1,285.91","1,242.58","9.03M","-2.93%"
"02/17/2021","1,289.24","1,278.54","1,293.13","1,273.29","5.01M","0.27%"
"02/16/2021","1,285.81","1,301.97","1,307.83","1,276.47","4.90M","-1.10%"
"02/15/2021","1,300.15","1,296.11","1,309.03","1,274.09","4.97M","0.72%"
"02/12/2021","1,290.86","1,272.88","1,291.47","1,265.81","6.30M","1.82%"
"02/11/2021","1,267.83","1,287.83","1,295.91","1,267.83","7.11M","-1.55%"
"02/10/2021","1,287.83","1,299.55","1,304.80","1,278.94","7.14M","-0.16%"
"02/09/2021","1,289.85","1,281.16","1,297.12","1,277.73","5.45M","0.55%"
"02/08/2021","1,282.78","1,287.83","1,303.34","1,278.54","7.12M","0.33%"
"02/05/2021","1,278.54","1,290.86","1,305.41","1,269.04","8.86M","-1.49%"
"02/04/2021","1,297.93","1,292.88","1,337.62","1,290.46","12.92M","0.23%"
"02/03/2021","1,294.90","1,383.38","1,398.94","1,294.80","20.29M","-6.29%"
"02/02/2021","1,381.77","1,366.82","1,384.80","1,362.57","4.12M","0.81%"
"02/01/2021","1,370.66","1,373.69","1,380.86","1,365.40","5.98M","0.00%"
"01/29/2021","1,370.66","1,375.70","1,387.75","1,365.81","7.01M","-2.18%"
"01/28/2021","1,401.16","1,401.77","1,413.68","1,390.74","5.37M","-0.97%"
"01/27/2021","1,414.90","1,427.02","1,428.43","1,409.24","6.93M","-0.64%"
"01/26/2021","1,423.99","1,419.14","1,437.72","1,419.14","5.33M","0.34%"
"01/25/2021","1,419.14","1,403.99","1,430.25","1,399.34","4.99M","1.80%"
"01/22/2021","1,394.09","1,381.16","1,397.93","1,374.56","4.95M","1.13%"
"01/21/2021","1,378.53","1,397.72","1,401.16","1,377.43","6.88M","-1.09%"
"01/20/2021","1,393.68","1,411.06","1,424.39","1,387.62","7.48M","-2.17%"
"01/19/2021","1,424.59","1,418.53","1,430.45","1,413.89","4.08M","0.74%"
"01/18/2021","1,414.09","1,423.18","1,427.42","1,412.67","3.29M","-0.96%"
"01/15/2021","1,427.82","1,399.74","1,429.23","1,394.09","6.10M","1.45%"
"01/14/2021","1,407.42","1,384.39","1,410.65","1,379.14","10.93M","1.52%"
"01/13/2021","1,386.41","1,373.89","1,392.27","1,373.89","5.67M","0.41%"
"01/12/2021","1,380.76","1,409.44","1,413.08","1,380.76","6.46M","-2.01%"
"01/11/2021","1,409.04","1,419.34","1,427.22","1,404.80","5.88M","-0.95%"
"01/08/2021","1,422.57","1,414.69","1,422.57","1,400.35","5.38M","0.74%"
"01/07/2021","1,412.07","1,461.16","1,461.16","1,402.57","6.24M","-0.74%"
"01/06/2021","1,422.57","1,388.84","1,437.32","1,378.33","7.56M","2.40%"
"01/05/2021","1,389.24","1,394.09","1,400.15","1,382.57","4.47M","-0.04%"
"01/04/2021","1,389.85","1,371.87","1,403.11","1,371.06","5.53M","2.53%"
"12/31/2020","1,355.50","1,363.58","1,371.26","1,350.05","2.97M","-1.18%"
"12/30/2020","1,371.67","1,382.78","1,396.31","1,371.26","3.61M","-0.57%"
"12/29/2020","1,379.54","1,365.00","1,396.51","1,364.08","5.64M","2.49%"
"12/24/2020","1,346.01","1,348.43","1,354.90","1,342.17","1.99M","-0.36%"
"12/23/2020","1,350.86","1,357.32","1,357.32","1,343.58","4.00M","-0.92%"
"12/22/2020","1,363.38","1,351.46","1,364.59","1,343.79","4.51M","0.70%"
"12/21/2020","1,353.89","1,381.36","1,390.25","1,349.44","6.91M","-1.18%"
"12/18/2020","1,370.05","1,378.73","1,391.66","1,368.16","9.38M","-0.59%"
"12/17/2020","1,378.13","1,381.56","1,398.34","1,371.87","6.11M","0.01%"
"12/16/2020","1,377.93","1,378.73","1,395.10","1,374.90","7.74M","0.46%"
"12/15/2020","1,371.67","1,399.34","1,403.38","1,369.44","6.91M","-2.50%"
"12/14/2020","1,406.81","1,423.78","1,430.85","1,406.81","7.23M","-1.44%"
"12/11/2020","1,427.42","1,434.29","1,443.28","1,421.56","5.77M","-0.30%"
"12/10/2020","1,431.66","1,427.42","1,448.63","1,414.09","5.30M","1.33%"
"12/09/2020","1,412.88","1,419.95","1,433.56","1,404.39","6.10M","-0.44%"
"12/08/2020","1,419.14","1,404.80","1,419.14","1,393.68","4.98M","0.52%"
"12/07/2020","1,411.86","1,410.45","1,432.88","1,405.40","5.31M","0.85%"
"12/04/2020","1,399.95","1,394.29","1,412.07","1,391.26","5.97M","0.81%"
"12/03/2020","1,388.63","1,407.02","1,412.88","1,380.76","6.90M","-1.35%"
"12/02/2020","1,407.62","1,396.51","1,415.91","1,390.62","6.35M","0.91%"
"12/01/2020","1,394.90","1,374.49","1,408.63","1,374.49","7.15M","0.80%"
"11/30/2020","1,383.79","1,398.53","1,410.85","1,383.79","10.25M","-0.98%"
"11/27/2020","1,397.52","1,394.49","1,405.40","1,387.02","12.93M","-0.46%"
"11/26/2020","1,403.99","1,398.94","1,411.26","1,395.30","3.72M","0.83%"
"11/25/2020","1,392.47","1,400.15","1,410.65","1,382.37","6.92M","-0.10%"
"11/24/2020","1,393.89","1,384.80","1,396.11","1,371.46","8.84M","1.02%"
"11/23/2020","1,379.74","1,405.81","1,407.62","1,379.74","5.36M","-1.98%"
"11/20/2020","1,407.62","1,403.79","1,418.73","1,396.51","6.17M","-0.10%"
"11/19/2020","1,409.04","1,385.81","1,418.53","1,383.79","6.21M","1.47%"
"11/18/2020","1,388.63","1,403.99","1,417.72","1,377.62","10.47M","-2.00%"
"11/17/2020","1,416.92","1,454.09","1,480.26","1,407.62","13.89M","-2.73%"
"11/16/2020","1,456.71","1,447.62","1,470.85","1,443.78","5.65M","0.36%"
"11/13/2020","1,451.46","1,464.59","1,466.61","1,444.36","9.54M","-0.65%"
"11/12/2020","1,460.95","1,454.49","1,469.24","1,448.43","6.38M","-1.16%"
"11/11/2020","1,478.13","1,483.58","1,497.11","1,475.90","6.95M","-0.29%"
"11/10/2020","1,482.37","1,438.73","1,494.69","1,436.31","8.63M","2.76%"
"11/09/2020","1,442.57","1,423.18","1,466.21","1,416.92","6.88M","2.09%"
"11/06/2020","1,413.08","1,410.45","1,433.28","1,405.00","5.54M","-0.36%"
"11/05/2020","1,418.13","1,447.82","1,448.03","1,410.25","8.19M","-0.78%"
"11/04/2020","1,429.24","1,373.89","1,436.11","1,316.91","10.52M","4.35%"
"11/03/2020","1,369.65","1,348.84","1,369.65","1,344.59","6.93M","2.36%"
"11/02/2020","1,338.13","1,313.28","1,340.56","1,307.02","9.48M","2.55%"
"10/30/2020","1,304.80","1,308.23","1,318.33","1,296.92","6.65M","-0.95%"
"10/29/2020","1,317.32","1,320.56","1,354.49","1,306.21","7.47M","-1.50%"
"10/28/2020","1,337.32","1,358.13","1,381.97","1,315.71","8.57M","-2.72%"
"10/27/2020","1,374.69","1,353.08","1,377.52","1,348.43","7.40M","1.20%"
"10/26/2020","1,358.33","1,353.28","1,374.09","1,347.73","4.60M","0.07%"
"10/23/2020","1,357.32","1,346.61","1,368.23","1,343.58","4.75M","0.80%"
"10/22/2020","1,346.61","1,358.33","1,359.54","1,337.73","7.58M","-1.51%"
"10/21/2020","1,367.22","1,401.77","1,402.37","1,365.81","6.47M","-1.93%"
"10/20/2020","1,394.09","1,417.93","1,422.77","1,394.09","4.50M","-1.17%"
"10/19/2020","1,410.65","1,425.60","1,435.70","1,410.65","3.00M","-0.95%"
"10/16/2020","1,424.19","1,403.99","1,431.46","1,401.32","6.49M","2.46%"
"10/15/2020","1,390.05","1,428.43","1,430.85","1,390.05","8.38M","-3.47%"
"10/14/2020","1,439.94","1,467.22","1,476.31","1,439.94","3.97M","-0.96%"
"10/13/2020","1,453.88","1,451.66","1,462.77","1,444.39","3.85M","0.56%"
"10/12/2020","1,445.80","1,453.28","1,462.37","1,445.80","3.54M","-1.09%"
"10/09/2020","1,461.76","1,440.35","1,463.58","1,440.35","4.75M","1.53%"
"10/08/2020","1,439.74","1,428.23","1,450.45","1,426.21","5.66M","0.66%"
"10/07/2020","1,430.25","1,445.20","1,452.27","1,426.01","6.38M","-0.98%"
"10/06/2020","1,444.39","1,463.18","1,465.83","1,437.26","5.54M","-1.37%"
"10/05/2020","1,464.39","1,460.35","1,470.05","1,453.28","2.74M","0.36%"
"10/02/2020","1,459.14","1,448.03","1,459.54","1,442.77","4.87M","0.06%"
"10/01/2020","1,458.33","1,483.38","1,489.64","1,458.23","4.45M","-0.56%"
"09/30/2020","1,466.61","1,461.36","1,492.06","1,457.52","6.80M","-0.25%"
"09/29/2020","1,470.25","1,480.15","1,490.17","1,460.35","5.15M","-0.52%"
"09/28/2020","1,477.92","1,499.94","1,504.19","1,477.11","5.26M","-0.76%"
"09/25/2020","1,489.24","1,466.81","1,492.47","1,464.59","4.18M","1.24%"
"09/24/2020","1,471.06","1,498.73","1,507.63","1,467.82","5.27M","-2.48%"
"09/23/2020","1,508.43","1,512.67","1,532.67","1,502.97","5.77M","0.93%"
"09/22/2020","1,494.49","1,504.39","1,514.08","1,485.20","4.55M","-0.54%"
"09/21/2020","1,502.57","1,525.40","1,529.03","1,494.89","4.56M","-2.49%"
"09/18/2020","1,540.95","1,531.86","1,563.66","1,527.01","9.68M","0.32%"
"09/17/2020","1,536.10","1,519.34","1,545.40","1,517.72","4.07M","0.76%"
"09/16/2020","1,524.59","1,533.88","1,546.81","1,524.59","4.36M","-1.01%"
"09/15/2020","1,540.14","1,529.64","1,545.80","1,525.19","6.13M","0.61%"
"09/14/2020","1,530.85","1,542.57","1,545.60","1,520.14","3.18M","-0.54%"
"09/11/2020","1,539.13","1,532.47","1,542.97","1,530.04","3.67M","0.45%"
"09/10/2020","1,532.27","1,540.55","1,549.44","1,524.59","3.99M","-1.02%"
"09/09/2020","1,548.02","1,514.08","1,554.69","1,513.48","5.82M","2.67%"
"09/08/2020","1,507.82","1,509.03","1,527.02","1,497.72","4.87M","-0.21%"
"09/07/2020","1,511.05","1,460.55","1,514.08","1,460.55","4.58M","4.24%"
"09/04/2020","1,449.64","1,469.64","1,490.04","1,442.97","7.98M","-2.42%"
"09/03/2020","1,485.60","1,512.27","1,523.98","1,480.95","4.92M","-1.24%"
"09/02/2020","1,504.19","1,470.45","1,515.72","1,468.43","6.02M","3.00%"
"09/01/2020","1,460.35","1,501.16","1,503.78","1,453.48","8.19M","-1.78%"
"08/28/2020","1,486.81","1,517.32","1,523.78","1,486.41","4.81M","-1.47%"
"08/27/2020","1,509.03","1,522.97","1,534.29","1,509.03","3.47M","-1.11%"
"08/26/2020","1,526.00","1,530.45","1,535.30","1,519.61","3.06M","-0.46%"
"08/25/2020","1,533.07","1,542.16","1,559.74","1,531.86","3.49M","-0.22%"
"08/24/2020","1,536.51","1,542.16","1,559.66","1,536.51","3.18M","0.40%"
"08/21/2020","1,530.45","1,535.30","1,554.69","1,526.00","5.09M","-0.64%"
"08/20/2020","1,540.34","1,554.69","1,565.19","1,540.34","5.75M","-1.66%"
"08/19/2020","1,566.41","1,553.27","1,570.65","1,545.40","3.15M","0.77%"
"08/18/2020","1,554.49","1,570.65","1,576.30","1,551.46","3.98M","-1.07%"
"08/17/2020","1,571.25","1,555.50","1,585.19","1,546.00","4.09M","1.29%"
"08/14/2020","1,551.25","1,575.70","1,584.36","1,545.19","5.08M","-2.17%"
"08/13/2020","1,585.60","1,595.70","1,609.64","1,581.76","3.51M","-2.59%"
"08/12/2020","1,627.82","1,599.33","1,635.49","1,591.05","4.93M","2.26%"
"08/11/2020","1,591.86","1,579.74","1,617.31","1,576.78","3.95M","1.47%"
"08/10/2020","1,568.83","1,574.69","1,580.75","1,564.59","3.10M","-0.13%"
"08/07/2020","1,570.85","1,572.67","1,581.79","1,561.76","3.37M","0.34%"
"08/06/2020","1,565.60","1,582.77","1,587.01","1,555.90","3.76M","-1.47%"
"08/05/2020","1,589.03","1,601.15","1,608.22","1,578.93","4.29M","0.01%"
"08/04/2020","1,588.83","1,591.45","1,603.17","1,575.74","3.99M","-0.78%"
"08/03/2020","1,601.35","1,548.63","1,604.38","1,545.40","4.27M","3.63%"
"07/31/2020","1,545.19","1,530.24","1,570.04","1,530.24","6.42M","0.04%"
"07/30/2020","1,544.59","1,571.45","1,583.45","1,526.08","6.19M","-1.58%"
"07/29/2020","1,569.44","1,605.39","1,648.02","1,561.76","6.76M","-3.17%"
"07/28/2020","1,620.75","1,603.78","1,626.00","1,598.73","4.49M","1.34%"
"07/27/2020","1,599.33","1,590.65","1,603.98","1,585.19","5.00M","0.20%"
"07/24/2020","1,596.10","1,591.25","1,605.59","1,582.77","4.48M","-1.72%"
"07/23/2020","1,623.98","1,624.58","1,643.98","1,616.10","3.23M","0.19%"
"07/22/2020","1,620.95","1,639.33","1,646.40","1,620.95","4.47M","-1.17%"
"07/21/2020","1,640.14","1,657.51","1,669.43","1,634.89","4.64M","-1.49%"
"07/20/2020","1,664.99","1,666.60","1,686.60","1,644.38","5.36M","-0.71%"
"07/17/2020","1,676.91","1,656.30","1,681.15","1,644.38","5.23M","1.85%"
"07/16/2020","1,646.40","1,664.38","1,672.26","1,646.40","3.56M","-1.24%"
"07/15/2020","1,667.01","1,644.99","1,672.87","1,636.70","5.67M","2.89%"
"07/14/2020","1,620.14","1,610.04","1,632.46","1,600.95","6.15M","0.41%"
"07/13/2020","1,613.47","1,596.10","1,618.52","1,588.83","3.18M","1.42%"
"07/10/2020","1,590.85","1,599.74","1,610.85","1,583.58","7.44M","-1.12%"
"07/09/2020","1,608.83","1,627.61","1,636.04","1,606.20","4.82M","-0.74%"
"07/08/2020","1,620.75","1,625.39","1,644.38","1,617.11","3.34M","-0.77%"
"07/07/2020","1,633.27","1,653.27","1,653.27","1,616.10","5.28M","-2.02%"
"07/06/2020","1,667.01","1,666.60","1,677.11","1,642.97","4.27M","1.51%"
"07/03/2020","1,642.16","1,673.27","1,680.58","1,637.71","2.35M","-1.44%"
"07/02/2020","1,666.20","1,660.95","1,670.04","1,648.63","4.09M","0.75%"
"07/01/2020","1,653.88","1,650.85","1,659.33","1,634.89","5.61M","0.05%"
"06/30/2020","1,653.07","1,660.34","1,675.29","1,643.57","5.40M","-1.67%"
"06/29/2020","1,681.15","1,658.72","1,682.56","1,658.72","4.37M","1.06%"
"06/26/2020","1,663.57","1,668.82","1,688.42","1,658.32","5.01M","0.16%"
"06/25/2020","1,660.95","1,644.18","1,665.80","1,632.06","5.29M","0.60%"
"06/24/2020","1,651.05","1,678.72","1,681.35","1,643.37","5.08M","-2.38%"
"06/23/2020","1,691.25","1,676.10","1,694.28","1,654.89","4.52M","1.79%"
"06/22/2020","1,661.55","1,670.84","1,695.51","1,656.91","3.62M","-0.72%"
"06/19/2020","1,673.67","1,668.42","1,692.66","1,659.53","10.73M","0.60%"
"06/18/2020","1,663.77","1,684.18","1,684.58","1,657.11","3.04M","-1.07%"
"06/17/2020","1,681.75","1,660.14","1,687.21","1,656.34","5.62M","2.05%"
"06/16/2020","1,648.02","1,629.84","1,651.05","1,621.55","5.80M","1.92%"
"06/15/2020","1,616.91","1,602.57","1,619.53","1,577.31","5.09M","0.10%"
"06/12/2020","1,615.29","1,618.32","1,638.93","1,601.96","5.35M","-1.03%"
"06/11/2020","1,632.06","1,666.81","1,673.47","1,632.06","5.41M","-2.11%"
"06/10/2020","1,667.21","1,648.83","1,682.97","1,646.20","5.78M","0.49%"
"06/09/2020","1,659.13","1,658.52","1,710.64","1,656.11","6.96M","0.12%"
"06/08/2020","1,657.11","1,631.25","1,666.20","1,626.60","6.85M","0.18%"
"06/05/2020","1,654.08","1,658.72","1,667.61","1,644.38","6.26M","-0.82%"
"06/04/2020","1,667.82","1,687.81","1,704.99","1,660.54","6.95M","-0.80%"
"06/03/2020","1,681.35","1,675.69","1,685.59","1,664.58","5.05M","0.85%"
"06/02/2020","1,667.21","1,667.41","1,678.93","1,657.11","6.21M","-0.67%"
"06/01/2020","1,678.52","1,708.62","1,708.62","1,671.05","3.53M","-0.60%"
"05/29/2020","1,688.62","1,696.50","1,708.02","1,669.03","12.30M","-0.70%"
"05/28/2020","1,700.54","1,657.51","1,710.24","1,656.70","6.86M","2.12%"
"05/27/2020","1,665.19","1,663.17","1,682.76","1,640.25","7.76M","0.01%"
"05/26/2020","1,664.99","1,705.39","1,706.20","1,647.17","6.91M","-0.89%"
"05/22/2020","1,679.94","1,665.80","1,687.50","1,656.70","4.24M","-0.06%"
"05/21/2020","1,680.95","1,692.46","1,695.89","1,674.08","9.26M","-1.26%"
"05/20/2020","1,702.36","1,678.32","1,712.66","1,676.50","7.86M","1.49%"
"05/19/2020","1,677.31","1,710.04","1,713.67","1,677.31","6.12M","-1.58%"
"05/18/2020","1,704.18","1,696.90","1,707.41","1,677.92","6.87M","2.39%"
"05/15/2020","1,664.38","1,665.80","1,681.75","1,657.92","5.15M","0.37%"
"05/14/2020","1,658.32","1,726.20","1,736.30","1,655.94","8.14M","-5.76%"
"05/13/2020","1,759.73","1,713.87","1,766.14","1,708.02","9.54M","2.06%"
"05/12/2020","1,724.18","1,691.25","1,725.99","1,687.41","6.57M","1.74%"
"05/11/2020","1,694.68","1,684.78","1,694.68","1,671.42","6.91M","0.19%"
"05/07/2020","1,691.45","1,721.95","1,735.28","1,674.48","7.34M","-1.32%"
"05/06/2020","1,714.08","1,692.86","1,720.46","1,684.58","5.75M","1.74%"
"05/05/2020","1,684.78","1,693.27","1,703.66","1,676.10","4.01M","0.30%"
"05/04/2020","1,679.73","1,643.57","1,688.62","1,634.48","6.79M","3.21%"
"05/01/2020","1,627.41","1,666.60","1,666.60","1,617.51","3.90M","-3.00%"
"04/30/2020","1,677.71","1,702.36","1,724.02","1,673.88","9.71M","-0.95%"
"04/29/2020","1,693.87","1,695.69","1,718.52","1,681.94","10.83M","-0.63%"
"04/28/2020","1,704.58","1,707.21","1,727.21","1,695.09","5.52M","-0.90%"
"04/27/2020","1,720.14","1,706.60","1,723.17","1,701.55","5.34M","0.91%"
"04/24/2020","1,704.58","1,702.56","1,716.10","1,689.03","5.67M","-0.38%"
"04/23/2020","1,711.05","1,690.04","1,716.90","1,682.36","7.39M","1.55%"
"04/22/2020","1,684.99","1,668.42","1,698.14","1,668.42","4.17M","1.07%"
"04/21/2020","1,667.21","1,669.03","1,693.87","1,648.42","5.19M","-1.01%"
"04/20/2020","1,684.18","1,677.31","1,687.41","1,666.00","5.45M","0.41%"
"04/17/2020","1,677.31","1,710.24","1,710.24","1,666.60","10.59M","0.41%"
"04/16/2020","1,670.44","1,601.96","1,670.44","1,586.81","11.47M","5.34%"
"04/15/2020","1,585.80","1,598.73","1,625.39","1,577.31","8.74M","0.00%"
"04/14/2020","1,585.80","1,593.27","1,595.22","1,562.77","6.34M","1.67%"
"04/09/2020","1,559.74","1,545.19","1,576.51","1,522.57","8.64M","2.99%"
"04/08/2020","1,514.49","1,539.54","1,549.64","1,505.40","6.06M","-1.02%"
"04/07/2020","1,530.04","1,541.96","1,559.54","1,512.33","8.78M","0.36%"
"04/06/2020","1,524.59","1,515.50","1,540.14","1,500.55","7.72M","1.34%"
"04/03/2020","1,504.39","1,511.05","1,522.16","1,484.59","6.64M","-0.25%"
"04/02/2020","1,508.23","1,529.03","1,533.07","1,471.26","8.05M","-0.41%"
"04/01/2020","1,514.49","1,497.92","1,519.34","1,476.91","7.76M","-1.00%"
"03/31/2020","1,529.84","1,515.09","1,540.95","1,481.96","9.25M","2.20%"
"03/30/2020","1,496.91","1,484.59","1,498.12","1,430.05","7.63M","2.70%"
"03/27/2020","1,457.52","1,500.35","1,508.02","1,435.10","7.89M","-3.88%"
"03/26/2020","1,516.31","1,469.03","1,518.33","1,454.89","14.27M","0.78%"
"03/25/2020","1,504.59","1,460.55","1,524.99","1,430.05","11.80M","5.23%"
"03/24/2020","1,429.84","1,423.38","1,439.95","1,384.59","11.13M","2.98%"
"03/23/2020","1,388.43","1,399.14","1,446.81","1,362.03","11.34M","-5.13%"
"03/20/2020","1,463.58","1,506.00","1,522.57","1,426.01","18.46M","-0.41%"
"03/19/2020","1,469.64","1,434.29","1,485.70","1,390.86","14.09M","1.22%"
"03/18/2020","1,451.86","1,471.66","1,497.72","1,415.91","10.55M","-4.29%"
"03/17/2020","1,516.91","1,455.30","1,516.91","1,386.82","17.61M","7.16%"
"03/16/2020","1,415.50","1,381.77","1,433.28","1,341.55","16.84M","-0.10%"
"03/13/2020","1,416.92","1,459.14","1,502.06","1,392.27","15.22M","-0.13%"
"03/12/2020","1,418.73","1,486.00","1,495.30","1,414.69","15.53M","-7.75%"
"03/11/2020","1,537.92","1,558.53","1,569.84","1,532.26","9.99M","0.53%"
"03/10/2020","1,529.84","1,583.98","1,591.55","1,529.84","11.73M","-2.16%"
"03/09/2020","1,563.58","1,545.40","1,603.78","1,540.35","18.67M","-2.86%"
"03/06/2020","1,609.64","1,635.29","1,652.46","1,595.29","17.57M","-2.82%"
"03/05/2020","1,656.30","1,670.24","1,685.79","1,637.67","7.79M","-1.44%"
"03/04/2020","1,680.54","1,634.89","1,680.54","1,624.58","8.55M","3.47%"
"03/03/2020","1,624.18","1,665.59","1,681.15","1,620.14","10.53M","-1.35%"
"03/02/2020","1,646.40","1,604.99","1,655.90","1,587.21","19.06M","4.34%"
"02/28/2020","1,577.92","1,604.99","1,618.52","1,548.63","13.00M","-4.15%"
"02/27/2020","1,646.20","1,637.11","1,667.41","1,623.37","9.30M","-0.17%"
"02/26/2020","1,649.03","1,616.10","1,655.69","1,608.83","9.91M","1.90%"
"02/25/2020","1,618.32","1,643.78","1,667.93","1,617.51","6.64M","-1.69%"
"02/24/2020","1,646.20","1,661.75","1,682.39","1,633.47","6.50M","-1.71%"
"02/21/2020","1,674.89","1,660.54","1,684.99","1,656.50","5.25M","0.50%"
"02/20/2020","1,666.60","1,666.81","1,693.67","1,659.53","4.78M","-1.67%"
"02/19/2020","1,694.88","1,686.60","1,705.19","1,683.98","5.36M","0.66%"
"02/18/2020","1,683.77","1,668.42","1,685.19","1,656.91","13.18M","0.32%"
"02/17/2020","1,678.32","1,695.49","1,695.49","1,675.29","2.97M","-0.42%"
"02/14/2020","1,685.39","1,699.13","1,700.54","1,679.13","4.79M","-0.76%"
"02/13/2020","1,698.32","1,709.23","1,747.41","1,679.94","6.10M","-0.86%"
"02/12/2020","1,713.07","1,720.14","1,722.04","1,707.41","5.92M","-0.43%"
"02/11/2020","1,720.54","1,743.37","1,760.13","1,720.54","9.40M","-0.83%"
"02/10/2020","1,734.88","1,714.08","1,736.10","1,707.81","5.86M","1.02%"
"02/07/2020","1,717.31","1,713.27","1,721.95","1,706.00","7.37M","0.32%"
"02/06/2020","1,711.85","1,743.97","1,753.27","1,687.01","25.25M","-2.58%"
"02/05/2020","1,757.10","1,821.95","1,865.59","1,757.10","11.76M","-4.15%"
"02/04/2020","1,833.26","1,836.29","1,845.18","1,825.59","4.90M","0.79%"
"02/03/2020","1,818.92","1,801.95","1,835.36","1,795.89","5.26M","0.94%"
"01/31/2020","1,801.95","1,811.04","1,819.73","1,799.93","5.54M","-0.47%"
"01/30/2020","1,810.44","1,825.18","1,843.16","1,807.81","4.50M","-1.19%"
"01/29/2020","1,832.25","1,815.28","1,834.07","1,809.43","4.52M","1.23%"
"01/28/2020","1,810.03","1,803.97","1,817.30","1,796.60","4.61M","0.53%"
"01/27/2020","1,800.54","1,813.06","1,826.80","1,789.22","7.57M","-2.21%"
"01/24/2020","1,841.14","1,841.95","1,875.69","1,839.73","5.83M","-0.01%"
"01/23/2020","1,841.34","1,842.15","1,850.03","1,832.25","4.51M","0.16%"
"01/22/2020","1,838.31","1,850.23","1,864.58","1,831.65","6.02M","-0.98%"
"01/21/2020","1,856.49","1,846.80","1,856.49","1,831.15","5.79M","0.00%"
"01/20/2020","1,856.49","1,864.37","1,864.37","1,846.60","2.76M","-0.43%"
"01/17/2020","1,864.58","1,829.63","1,869.78","1,829.13","6.93M","2.10%"
"01/16/2020","1,826.19","1,834.07","1,840.33","1,817.91","5.08M","-1.48%"
"01/15/2020","1,853.67","1,824.17","1,853.67","1,823.39","4.96M","1.71%"
"01/14/2020","1,822.56","1,826.40","1,829.63","1,810.03","4.42M","-0.27%"
"01/13/2020","1,827.41","1,815.28","1,835.49","1,812.54","4.78M","0.66%"
"01/10/2020","1,815.49","1,807.81","1,823.57","1,807.31","4.14M","0.40%"
"01/09/2020","1,808.21","1,797.91","1,817.15","1,790.84","4.98M","1.07%"
"01/08/2020","1,789.02","1,770.44","1,792.91","1,767.41","4.08M","0.50%"
"01/07/2020","1,780.13","1,779.33","1,797.27","1,770.44","4.03M","-0.45%"
"01/06/2020","1,788.21","1,793.06","1,797.31","1,771.90","3.92M","-0.79%"
"01/03/2020","1,802.36","1,798.32","1,805.79","1,780.94","3.25M","0.41%"
"01/02/2020","1,795.08","1,798.11","1,812.25","1,795.08","3.66M","-0.10%"
"12/31/2019","1,796.90","1,803.57","1,814.07","1,786.19","1.89M","-1.06%"
"12/30/2019","1,816.09","1,823.16","1,834.07","1,814.22","2.34M","-1.14%"
"12/27/2019","1,837.10","1,825.38","1,845.18","1,811.24","2.39M","0.07%"
"12/24/2019","1,835.89","1,824.17","1,843.97","1,824.17","1.00M","0.14%"
"12/23/2019","1,833.26","1,823.97","1,838.72","1,809.22","2.97M","0.10%"
"12/20/2019","1,831.45","1,827.81","1,869.02","1,819.53","9.10M","0.38%"
"12/19/2019","1,824.58","1,813.26","1,825.38","1,806.40","5.46M","0.67%"
"12/18/2019","1,812.46","1,795.69","1,822.96","1,792.42","10.56M","0.91%"
"12/17/2019","1,796.09","1,777.91","1,805.86","1,775.45","8.01M","0.79%"
"12/16/2019","1,781.95","1,740.94","1,795.49","1,737.51","6.09M","2.27%"
"12/13/2019","1,742.36","1,718.12","1,758.72","1,673.47","7.60M","-1.10%"
"12/12/2019","1,761.75","1,769.83","1,778.79","1,757.10","5.04M","-0.50%"
"12/11/2019","1,770.64","1,770.24","1,786.40","1,767.21","7.14M","0.16%"
"12/10/2019","1,767.81","1,751.85","1,767.81","1,739.33","6.20M","1.26%"
"12/09/2019","1,745.79","1,743.17","1,751.65","1,732.46","4.70M","-0.06%"
"12/06/2019","1,746.80","1,736.10","1,748.62","1,721.95","4.18M","1.32%"
"12/05/2019","1,723.97","1,733.47","1,741.35","1,718.52","4.23M","-0.07%"
"12/04/2019","1,725.19","1,726.20","1,727.81","1,707.01","5.12M","0.05%"
"12/03/2019","1,724.38","1,742.36","1,751.29","1,712.26","5.52M","-1.36%"
"12/02/2019","1,748.22","1,769.43","1,784.98","1,746.60","4.73M","-1.32%"
"11/29/2019","1,771.65","1,771.65","1,783.37","1,767.61","4.47M","-0.47%"
"11/28/2019","1,779.93","1,768.82","1,780.54","1,765.42","2.20M","0.09%"
"11/27/2019","1,778.32","1,762.56","1,783.16","1,760.74","5.77M","1.18%"
"11/26/2019","1,757.51","1,747.41","1,757.51","1,732.86","6.03M","0.75%"
"11/25/2019","1,744.38","1,736.30","1,749.43","1,724.78","3.84M","0.77%"
"11/22/2019","1,731.05","1,724.98","1,743.57","1,720.94","4.28M","0.72%"
"11/21/2019","1,718.72","1,726.80","1,732.26","1,708.82","6.02M","0.29%"
"11/20/2019","1,713.67","1,735.29","1,747.21","1,713.67","4.97M","-1.15%"
"11/19/2019","1,733.67","1,725.39","1,747.81","1,723.57","5.86M","0.13%"
"11/18/2019","1,731.45","1,725.39","1,735.49","1,707.01","8.30M","0.85%"
"11/15/2019","1,716.90","1,722.16","1,739.33","1,694.67","8.94M","-0.08%"
"11/14/2019","1,718.32","1,742.16","1,752.66","1,711.05","4.67M","-2.20%"
"11/13/2019","1,756.90","1,749.63","1,770.84","1,748.69","4.30M","0.49%"
"11/12/2019","1,748.42","1,736.90","1,756.50","1,734.28","3.89M","0.75%"
"11/11/2019","1,735.49","1,749.02","1,755.17","1,720.34","3.53M","-1.08%"
"11/08/2019","1,754.48","1,738.92","1,754.48","1,732.86","3.99M","0.80%"
"11/07/2019","1,740.54","1,748.22","1,754.48","1,731.65","4.90M","0.06%"
"11/06/2019","1,739.53","1,733.87","1,744.78","1,681.75","5.83M","-0.45%"
"11/05/2019","1,747.41","1,765.39","1,777.51","1,742.72","4.39M","-1.37%"
"11/04/2019","1,771.65","1,770.64","1,785.18","1,758.92","3.75M","-0.40%"
"11/01/2019","1,778.72","1,786.60","1,793.26","1,767.41","5.23M","-0.43%"
"10/31/2019","1,786.40","1,794.88","1,814.48","1,782.36","8.20M","-0.75%"
"10/30/2019","1,799.93","1,749.43","1,806.19","1,745.79","7.33M","2.43%"
"10/29/2019","1,757.31","1,742.56","1,757.31","1,731.45","5.94M","0.18%"
"10/28/2019","1,754.07","1,719.93","1,757.71","1,714.48","5.51M","2.15%"
"10/25/2019","1,717.11","1,737.31","1,737.33","1,697.92","5.22M","-1.13%"
"10/24/2019","1,736.70","1,698.72","1,737.71","1,696.90","5.90M","2.19%"
"10/23/2019","1,699.53","1,681.75","1,702.36","1,672.87","6.12M","1.66%"
"10/22/2019","1,671.86","1,657.51","1,685.39","1,649.43","3.59M","0.94%"
"10/21/2019","1,656.30","1,660.95","1,665.19","1,636.30","5.30M","-0.39%"
"10/18/2019","1,662.76","1,668.42","1,677.31","1,651.45","4.04M","-0.34%"
"10/17/2019","1,668.42","1,675.69","1,683.37","1,646.20","6.50M","0.95%"
"10/16/2019","1,652.66","1,683.37","1,700.95","1,628.62","8.15M","-1.17%"
"10/15/2019","1,672.26","1,693.87","1,700.95","1,657.71","8.39M","-1.70%"
"10/14/2019","1,701.15","1,694.28","1,714.24","1,691.85","5.98M","0.55%"
"10/11/2019","1,691.85","1,713.27","1,716.30","1,657.71","9.70M","-2.16%"
"10/10/2019","1,729.23","1,738.12","1,744.78","1,729.23","5.16M","-0.49%"
"10/09/2019","1,737.71","1,720.74","1,749.83","1,719.13","4.74M","0.43%"
"10/08/2019","1,730.24","1,739.33","1,750.03","1,730.24","5.09M","-0.14%"
"10/07/2019","1,732.66","1,712.06","1,734.08","1,708.82","3.53M","0.96%"
"10/04/2019","1,716.10","1,693.07","1,717.41","1,686.00","4.28M","1.70%"
"10/03/2019","1,687.41","1,693.87","1,697.92","1,668.02","4.90M","0.04%"
"10/02/2019","1,686.80","1,740.54","1,788.42","1,678.52","7.10M","-3.50%"
"10/01/2019","1,748.01","1,748.62","1,765.99","1,741.95","4.68M","-0.80%"
"09/30/2019","1,762.16","1,760.54","1,782.36","1,745.59","7.53M","1.14%"
"09/27/2019","1,742.36","1,721.15","1,746.20","1,721.15","5.57M","0.81%"
"09/26/2019","1,728.42","1,692.46","1,744.18","1,690.24","5.52M","1.86%"
"09/25/2019","1,696.90","1,705.79","1,710.44","1,691.65","4.63M","-1.18%"
"09/24/2019","1,717.11","1,711.05","1,724.18","1,700.54","4.85M","0.84%"
"09/23/2019","1,702.76","1,689.63","1,714.88","1,687.01","4.65M","0.85%"
"09/20/2019","1,688.42","1,665.80","1,695.09","1,662.97","13.41M","0.83%"
"09/19/2019","1,674.48","1,660.95","1,678.52","1,658.12","5.90M","0.66%"
"09/18/2019","1,663.57","1,662.76","1,667.61","1,656.10","3.27M","0.07%"
"09/17/2019","1,662.36","1,647.82","1,669.03","1,645.19","4.46M","1.14%"
"09/16/2019","1,643.57","1,641.35","1,658.93","1,638.73","5.07M","-0.78%"
"09/13/2019","1,656.50","1,673.47","1,677.11","1,648.02","4.79M","-1.32%"
"09/12/2019","1,678.72","1,669.63","1,686.40","1,657.92","6.07M","0.73%"
"09/11/2019","1,666.60","1,671.45","1,672.46","1,642.97","5.75M","0.51%"
"09/10/2019","1,658.12","1,673.07","1,681.35","1,638.73","9.46M","-2.24%"
"09/09/2019","1,696.10","1,740.14","1,749.02","1,685.59","4.79M","-2.10%"
"09/06/2019","1,732.46","1,723.57","1,737.04","1,713.07","5.27M","0.79%"
"09/05/2019","1,718.92","1,762.56","1,763.77","1,718.92","5.51M","-2.49%"
"09/04/2019","1,762.76","1,771.45","1,784.78","1,753.06","4.17M","0.10%"
"09/03/2019","1,760.94","1,762.76","1,772.86","1,751.65","4.54M","0.38%"
"09/02/2019","1,754.28","1,729.23","1,762.36","1,718.12","3.10M","1.47%"
"08/30/2019","1,728.82","1,731.85","1,737.71","1,723.17","5.28M","0.13%"
"08/29/2019","1,726.60","1,707.01","1,733.27","1,699.53","3.79M","1.00%"
"08/28/2019","1,709.43","1,701.96","1,722.16","1,689.63","3.80M","0.31%"
"08/27/2019","1,704.18","1,707.81","1,713.27","1,689.63","6.42M","-0.24%"
"08/23/2019","1,708.22","1,709.63","1,719.33","1,704.78","4.53M","0.91%"
"08/22/2019","1,692.86","1,696.50","1,704.38","1,684.58","6.46M","-0.53%"
"08/21/2019","1,701.96","1,679.94","1,701.96","1,676.12","3.44M","1.12%"
"08/20/2019","1,683.17","1,686.20","1,697.51","1,677.51","5.88M","0.11%"
"08/19/2019","1,681.35","1,674.08","1,686.80","1,669.23","4.38M","0.40%"
"08/16/2019","1,674.68","1,667.61","1,678.72","1,658.52","3.87M","0.75%"
"08/15/2019","1,662.16","1,671.45","1,677.92","1,649.03","4.90M","-0.84%"
"08/14/2019","1,676.30","1,702.56","1,709.95","1,668.42","6.68M","-1.45%"
"08/13/2019","1,700.95","1,690.24","1,704.78","1,686.49","5.19M","0.89%"
"08/12/2019","1,686.00","1,689.23","1,698.52","1,679.73","3.02M","-0.04%"
"08/09/2019","1,686.60","1,684.58","1,705.51","1,678.19","5.46M","0.14%"
"08/08/2019","1,684.18","1,674.89","1,684.18","1,658.32","4.34M","0.57%"
"08/07/2019","1,674.68","1,667.41","1,686.60","1,662.97","5.16M","0.67%"
"08/06/2019","1,663.57","1,675.29","1,679.94","1,662.76","5.14M","-0.95%"
"08/05/2019","1,679.53","1,689.63","1,701.55","1,673.25","5.60M","-1.67%"
"08/02/2019","1,708.02","1,730.84","1,739.33","1,706.80","5.36M","-1.13%"
"08/01/2019","1,727.61","1,714.08","1,739.53","1,712.26","5.25M","0.46%"
"07/31/2019","1,719.73","1,739.93","1,740.94","1,695.29","7.77M","-1.52%"
"07/30/2019","1,746.20","1,742.36","1,767.00","1,740.94","5.74M","-0.07%"
"07/29/2019","1,747.41","1,707.61","1,752.46","1,707.61","6.61M","2.62%"
"07/26/2019","1,702.76","1,691.25","1,709.23","1,683.57","5.78M","0.95%"
"07/25/2019","1,686.80","1,676.50","1,702.97","1,671.58","7.22M","0.99%"
"07/24/2019","1,670.24","1,672.06","1,718.72","1,658.52","7.02M","-0.42%"
"07/23/2019","1,677.31","1,674.89","1,686.80","1,663.98","5.10M","0.36%"
"07/22/2019","1,671.25","1,662.97","1,678.81","1,655.69","4.50M","0.50%"
"07/19/2019","1,662.97","1,670.64","1,679.13","1,655.49","3.36M","-0.21%"
"07/18/2019","1,666.40","1,666.60","1,676.79","1,661.75","3.39M","-0.65%"
"07/17/2019","1,677.31","1,682.76","1,686.62","1,669.84","4.18M","-0.26%"
"07/16/2019","1,681.75","1,663.17","1,689.03","1,661.96","5.57M","1.61%"
"07/15/2019","1,655.09","1,634.28","1,659.94","1,630.64","4.46M","0.91%"
"07/12/2019","1,640.14","1,649.63","1,652.66","1,631.25","4.41M","-0.53%"
"07/11/2019","1,648.83","1,665.59","1,674.68","1,644.18","6.26M","-0.66%"
"07/10/2019","1,659.73","1,653.47","1,662.56","1,644.58","4.55M","0.18%"
"07/09/2019","1,656.70","1,638.52","1,660.02","1,638.52","4.98M","0.75%"
"07/08/2019","1,644.38","1,646.20","1,648.22","1,636.10","6.17M","-0.53%"
"07/05/2019","1,653.07","1,653.27","1,662.36","1,644.79","4.08M","-0.15%"
"07/04/2019","1,655.49","1,654.28","1,661.75","1,652.26","2.57M","-0.13%"
"07/03/2019","1,657.71","1,641.35","1,667.61","1,633.47","6.51M","1.30%"
"07/02/2019","1,636.50","1,616.10","1,636.50","1,607.62","7.02M","1.87%"
"07/01/2019","1,606.40","1,610.85","1,618.73","1,597.51","4.81M","0.88%"
"06/28/2019","1,592.46","1,597.72","1,599.53","1,586.20","4.31M","-0.34%"
"06/27/2019","1,597.92","1,603.78","1,603.78","1,580.55","4.07M","-0.33%"
"06/26/2019","1,603.17","1,617.51","1,620.54","1,597.11","4.65M","-1.15%"
"06/25/2019","1,621.76","1,603.37","1,624.79","1,596.91","4.22M","0.79%"
"06/24/2019","1,609.03","1,593.47","1,626.57","1,587.11","4.96M","1.05%"
"06/21/2019","1,592.26","1,609.03","1,616.30","1,579.54","15.23M","-1.90%"
"06/20/2019","1,623.17","1,626.00","1,637.41","1,621.74","6.01M","0.12%"
"06/19/2019","1,621.15","1,623.57","1,624.79","1,603.17","4.56M","0.61%"
"06/18/2019","1,611.25","1,609.03","1,632.26","1,605.58","6.83M","0.43%"
"06/17/2019","1,604.38","1,600.95","1,606.40","1,590.22","4.53M","0.25%"
"06/14/2019","1,600.34","1,582.77","1,608.02","1,576.91","4.68M","0.11%"
"06/13/2019","1,598.52","1,595.70","1,612.46","1,591.05","5.07M","-0.04%"
"06/12/2019","1,599.13","1,579.13","1,603.36","1,578.32","4.20M","0.60%"
"06/11/2019","1,589.64","1,594.89","1,602.77","1,586.20","4.70M","-0.20%"
"06/10/2019","1,592.87","1,579.74","1,600.14","1,579.74","3.94M","0.75%"
"06/07/2019","1,580.95","1,552.87","1,590.44","1,552.87","6.37M","1.32%"
"06/06/2019","1,560.34","1,539.34","1,560.34","1,536.91","5.36M","1.13%"
"06/05/2019","1,542.97","1,543.58","1,546.20","1,525.60","4.44M","-0.18%"
"06/04/2019","1,545.80","1,554.49","1,564.58","1,536.71","7.57M","-1.21%"
"06/03/2019","1,564.79","1,539.74","1,565.39","1,535.50","4.24M","1.45%"
"05/31/2019","1,542.37","1,545.19","1,549.44","1,533.80","6.78M","-0.66%"
"05/30/2019","1,552.67","1,546.61","1,556.71","1,543.38","3.28M","0.09%"
"05/29/2019","1,551.25","1,554.49","1,559.60","1,540.95","4.73M","-0.71%"
"05/28/2019","1,562.36","1,586.81","1,589.64","1,562.36","15.99M","-2.23%"
"05/24/2019","1,597.92","1,593.47","1,602.77","1,586.40","4.43M","0.66%"
"05/23/2019","1,587.41","1,596.50","1,610.85","1,587.21","6.05M","0.03%"
"05/22/2019","1,587.01","1,562.57","1,587.01","1,558.65","6.72M","1.72%"
"05/21/2019","1,560.14","1,567.41","1,574.28","1,554.69","4.67M","-0.44%"
"05/20/2019","1,567.01","1,569.64","1,572.67","1,553.81","5.74M","-0.23%"
"05/17/2019","1,570.65","1,559.54","1,581.15","1,552.26","16.07M","0.32%"
"05/16/2019","1,565.60","1,541.15","1,565.60","1,532.47","4.81M","1.04%"
"05/15/2019","1,549.44","1,535.90","1,554.49","1,533.48","5.60M","1.15%"
"05/14/2019","1,531.86","1,534.49","1,553.47","1,528.83","3.56M","0.28%"
"05/13/2019","1,527.62","1,523.78","1,529.03","1,510.45","4.49M","0.69%"
"05/10/2019","1,517.11","1,536.10","1,542.97","1,513.07","4.30M","-1.07%"
"05/09/2019","1,533.48","1,535.30","1,546.61","1,526.81","4.55M","-0.41%"
"05/08/2019","1,539.74","1,530.24","1,548.22","1,521.96","4.83M","0.44%"
"05/07/2019","1,533.07","1,560.55","1,567.01","1,529.44","6.86M","-2.22%"
"05/03/2019","1,567.82","1,570.85","1,587.82","1,561.35","4.51M","0.31%"
"05/02/2019","1,562.97","1,600.95","1,600.95","1,561.35","5.14M","-0.80%"
"05/01/2019","1,575.50","1,591.05","1,614.08","1,547.42","9.91M","-0.86%"
"04/30/2019","1,589.23","1,584.79","1,598.52","1,572.97","5.61M","0.27%"
"04/29/2019","1,584.99","1,582.97","1,589.03","1,569.84","3.68M","0.50%"
"04/26/2019","1,577.11","1,579.54","1,585.19","1,568.02","4.61M","0.40%"
"04/25/2019","1,570.85","1,561.96","1,570.85","1,559.33","5.32M","0.96%"
"04/24/2019","1,555.90","1,575.70","1,581.96","1,554.69","6.61M","-1.08%"
"04/23/2019","1,572.87","1,539.34","1,575.09","1,535.50","7.52M","2.15%"
"04/18/2019","1,539.74","1,542.16","1,551.66","1,538.53","4.74M","-1.06%"
"04/17/2019","1,556.30","1,563.78","1,567.72","1,545.19","5.97M","-0.90%"
"04/16/2019","1,570.45","1,565.60","1,582.57","1,561.76","4.16M","0.31%"
"04/15/2019","1,565.60","1,561.56","1,573.27","1,553.07","5.13M","-0.08%"
"04/12/2019","1,566.81","1,579.94","1,590.85","1,555.90","7.35M","-0.92%"
"04/11/2019","1,581.35","1,594.89","1,594.89","1,575.90","5.88M","-0.76%"
"04/10/2019","1,593.47","1,595.90","1,604.38","1,591.76","4.22M","-0.29%"
"04/09/2019","1,598.12","1,601.35","1,610.24","1,596.71","4.75M","-0.38%"
"04/08/2019","1,604.18","1,602.97","1,616.61","1,600.14","4.13M","-0.36%"
"04/05/2019","1,610.04","1,606.81","1,616.30","1,602.77","5.44M","0.39%"
"04/04/2019","1,603.78","1,592.26","1,606.20","1,580.95","3.74M","0.01%"
"04/03/2019","1,603.58","1,606.00","1,610.24","1,587.21","6.39M","-0.84%"
"04/02/2019","1,617.11","1,598.93","1,625.39","1,596.50","4.94M","1.20%"
"04/01/2019","1,597.92","1,616.10","1,625.19","1,595.09","6.22M","-0.93%"
"03/29/2019","1,612.87","1,600.95","1,617.51","1,587.41","8.11M","0.43%"
"03/28/2019","1,606.00","1,581.56","1,613.07","1,581.56","7.43M","1.60%"
"03/27/2019","1,580.75","1,580.14","1,590.65","1,564.79","7.38M","0.22%"
"03/26/2019","1,577.31","1,572.26","1,586.61","1,562.77","4.70M","0.76%"
"03/25/2019","1,565.39","1,562.36","1,570.04","1,556.91","5.01M","-0.33%"
"03/22/2019","1,570.65","1,570.65","1,585.80","1,565.39","7.25M","-0.70%"
"03/21/2019","1,581.76","1,539.54","1,586.00","1,535.30","7.46M","2.72%"
"03/20/2019","1,539.94","1,520.14","1,548.02","1,518.57","5.25M","1.42%"
"03/19/2019","1,518.33","1,527.21","1,537.72","1,518.33","5.17M","-0.62%"
"03/18/2019","1,527.82","1,518.12","1,531.25","1,515.70","3.58M","0.73%"
"03/15/2019","1,516.71","1,528.43","1,534.49","1,515.90","13.20M","-0.48%"
"03/14/2019","1,523.98","1,521.56","1,529.84","1,507.62","8.32M","0.16%"
"03/13/2019","1,521.56","1,520.95","1,533.27","1,515.50","17.54M","-0.37%"
"03/12/2019","1,527.21","1,523.78","1,546.76","1,500.14","5.02M","0.13%"
"03/11/2019","1,525.19","1,531.46","1,546.61","1,521.15","4.03M","-0.16%"
"03/08/2019","1,527.62","1,526.61","1,541.56","1,520.14","3.87M","0.20%"
"03/07/2019","1,524.59","1,518.73","1,533.88","1,514.49","4.04M","0.01%"
"03/06/2019","1,524.39","1,530.65","1,539.13","1,520.04","3.61M","-0.45%"
"03/05/2019","1,531.25","1,530.45","1,534.08","1,520.14","4.41M","0.50%"
"03/04/2019","1,523.58","1,527.82","1,535.50","1,519.54","3.35M","-0.13%"
"03/01/2019","1,525.60","1,523.38","1,526.81","1,518.12","3.93M","0.87%"
"02/28/2019","1,512.47","1,517.11","1,528.63","1,511.46","7.56M","-0.24%"
"02/27/2019","1,516.10","1,527.21","1,530.65","1,506.81","5.43M","-0.74%"
"02/26/2019","1,527.42","1,541.15","1,541.15","1,515.60","5.62M","-1.45%"
"02/25/2019","1,549.84","1,552.64","1,555.90","1,536.91","3.95M","-0.12%"
"02/22/2019","1,551.66","1,537.32","1,563.17","1,530.45","5.95M","-0.12%"
"02/21/2019","1,553.48","1,566.61","1,585.60","1,547.01","4.66M","-2.29%"
"02/20/2019","1,589.84","1,580.75","1,591.25","1,567.62","5.20M","0.22%"
"02/19/2019","1,586.40","1,581.76","1,594.48","1,581.76","3.48M","-0.03%"
"02/18/2019","1,586.81","1,591.45","1,595.90","1,579.74","3.12M","-0.63%"
"02/15/2019","1,596.91","1,582.77","1,608.42","1,582.77","7.32M","0.96%"
"02/14/2019","1,581.76","1,564.38","1,593.47","1,562.57","7.03M","1.23%"
"02/13/2019","1,562.57","1,566.61","1,571.46","1,548.22","6.30M","0.01%"
"02/12/2019","1,562.36","1,566.81","1,576.10","1,558.93","6.42M","-0.21%"
"02/11/2019","1,565.60","1,582.16","1,586.81","1,557.11","7.92M","-0.95%"
"02/08/2019","1,580.55","1,564.99","1,591.86","1,558.73","5.99M","1.19%"
"02/07/2019","1,561.96","1,557.92","1,590.24","1,556.30","7.28M","-0.10%"
"02/06/2019","1,563.58","1,524.79","1,569.44","1,491.66","7.95M","1.67%"
"02/05/2019","1,537.92","1,493.68","1,537.92","1,491.46","6.68M","2.88%"
"02/04/2019","1,494.89","1,496.71","1,504.79","1,487.62","3.94M","-0.23%"
"02/01/2019","1,498.33","1,501.96","1,504.99","1,491.05","4.19M","0.42%"
"01/31/2019","1,492.06","1,490.65","1,492.67","1,472.67","8.47M","-0.24%"
"01/30/2019","1,495.70","1,477.92","1,509.33","1,477.72","5.64M","1.97%"
"01/29/2019","1,466.81","1,464.59","1,486.61","1,456.34","6.00M","1.13%"
"01/28/2019","1,450.45","1,454.49","1,464.19","1,444.19","4.31M","-0.31%"
"01/25/2019","1,454.89","1,468.83","1,480.95","1,454.89","7.74M","-1.32%"
"01/24/2019","1,474.29","1,490.85","1,494.69","1,470.85","6.04M","-1.06%"
"01/23/2019","1,490.04","1,507.42","1,519.13","1,490.04","8.43M","-1.05%"
"01/22/2019","1,505.80","1,511.86","1,516.54","1,494.79","3.69M","-0.08%"
"01/21/2019","1,507.01","1,510.25","1,518.73","1,500.75","3.20M","-0.44%"
"01/18/2019","1,513.68","1,505.40","1,519.34","1,495.09","5.12M","1.13%"
"01/17/2019","1,496.71","1,484.79","1,503.98","1,481.66","4.89M","-0.18%"
"01/16/2019","1,499.34","1,521.56","1,521.96","1,491.05","6.50M","-1.60%"
"01/15/2019","1,523.78","1,511.46","1,526.81","1,494.65","6.00M","1.19%"
"01/14/2019","1,505.80","1,525.19","1,540.35","1,499.74","4.56M","-2.26%"
"01/11/2019","1,540.55","1,552.47","1,564.59","1,531.86","7.19M","-0.70%"
"01/10/2019","1,551.46","1,531.86","1,551.46","1,530.04","5.49M","-0.07%"
"01/09/2019","1,552.47","1,545.40","1,571.86","1,542.77","6.91M","1.17%"
"01/08/2019","1,534.49","1,524.99","1,543.17","1,515.90","5.70M","0.32%"
"01/07/2019","1,529.64","1,533.48","1,536.51","1,516.10","4.84M","-0.28%"
"01/04/2019","1,533.88","1,519.74","1,535.70","1,505.60","5.85M","0.77%"
"01/03/2019","1,522.16","1,503.58","1,536.51","1,502.16","4.93M","0.44%"
"01/02/2019","1,515.50","1,485.20","1,526.20","1,478.13","4.57M","0.62%"
"12/31/2018","1,506.21","1,513.07","1,523.17","1,503.78","2.12M","-1.05%"
"12/28/2018","1,522.16","1,509.84","1,522.57","1,506.61","4.17M","2.10%"
"12/27/2018","1,490.85","1,521.96","1,530.24","1,481.56","5.33M","-1.43%"
"12/24/2018","1,512.47","1,506.61","1,521.36","1,500.14","1.99M","-1.04%"
"12/21/2018","1,528.43","1,516.31","1,532.67","1,501.36","16.68M","0.87%"
"12/20/2018","1,515.30","1,491.05","1,540.55","1,486.61","10.23M","-0.19%"
"12/19/2018","1,518.12","1,533.27","1,583.58","1,517.52","16.62M","3.78%"
"12/18/2018","1,462.77","1,482.37","1,485.40","1,462.77","6.04M","-1.32%"
"12/17/2018","1,482.37","1,493.88","1,501.56","1,475.10","8.26M","-0.84%"
"12/14/2018","1,494.89","1,482.17","1,501.56","1,477.92","5.37M","-0.15%"
"12/13/2018","1,497.11","1,494.49","1,515.70","1,487.42","4.77M","0.20%"
"12/12/2018","1,494.08","1,500.55","1,511.16","1,485.20","10.14M","-0.05%"
"12/11/2018","1,494.89","1,492.87","1,510.04","1,489.34","10.86M","0.71%"
"12/10/2018","1,484.39","1,460.55","1,490.85","1,449.98","12.71M","2.24%"
"12/07/2018","1,451.86","1,436.31","1,474.49","1,436.11","8.74M","1.37%"
"12/06/2018","1,432.27","1,468.02","1,494.47","1,422.98","9.25M","-2.80%"
"12/05/2018","1,473.48","1,510.04","1,525.80","1,471.86","13.57M","-3.45%"
"12/04/2018","1,526.20","1,523.36","1,537.52","1,514.69","12.27M","0.87%"
"12/03/2018","1,513.07","1,661.55","1,665.39","1,500.35","20.66M","-7.62%"
"11/30/2018","1,637.92","1,615.90","1,637.92","1,613.07","16.32M","1.50%"
"11/29/2018","1,613.68","1,604.79","1,623.37","1,597.31","7.55M","0.74%"
"11/28/2018","1,601.76","1,592.26","1,604.18","1,576.30","6.82M","1.39%"
"11/27/2018","1,579.74","1,582.97","1,591.66","1,563.37","6.06M","-0.66%"
"11/26/2018","1,590.24","1,597.92","1,608.02","1,578.32","5.36M","-0.48%"
"11/23/2018","1,597.92","1,580.34","1,601.35","1,574.69","3.67M","1.09%"
"11/22/2018","1,580.75","1,593.88","1,603.78","1,567.01","3.80M","-0.71%"
"11/21/2018","1,592.06","1,594.28","1,610.65","1,586.71","7.15M","-0.38%"
"11/20/2018","1,598.12","1,582.97","1,605.60","1,582.36","6.46M","0.87%"
"11/19/2018","1,584.38","1,575.29","1,599.33","1,574.28","6.68M","0.42%"
"11/16/2018","1,577.72","1,577.52","1,605.39","1,558.12","5.72M","-0.04%"
"11/15/2018","1,578.32","1,558.32","1,595.09","1,551.86","7.52M","0.71%"
"11/14/2018","1,567.21","1,590.04","1,590.04","1,564.92","5.96M","-1.76%"
"11/13/2018","1,595.29","1,595.90","1,606.00","1,588.42","8.41M","0.41%"
"11/12/2018","1,588.83","1,597.92","1,606.81","1,582.57","4.45M","0.17%"
"11/09/2018","1,586.20","1,574.08","1,590.44","1,568.83","4.83M","0.65%"
"11/08/2018","1,575.90","1,539.54","1,581.96","1,538.12","9.53M","1.88%"
"11/07/2018","1,546.81","1,516.91","1,548.43","1,516.91","4.62M","1.93%"
"11/06/2018","1,517.52","1,528.02","1,531.86","1,512.47","4.09M","-0.32%"
"11/05/2018","1,522.37","1,495.50","1,527.62","1,492.87","5.43M","1.84%"
"11/02/2018","1,494.89","1,539.34","1,539.34","1,474.69","7.52M","-2.13%"
"11/01/2018","1,527.42","1,518.12","1,547.21","1,515.70","9.36M","0.07%"
"10/31/2018","1,526.41","1,559.54","1,613.88","1,512.06","11.09M","-1.72%"
"10/30/2018","1,553.07","1,548.43","1,555.90","1,530.65","6.33M","0.42%"
"10/29/2018","1,546.61","1,529.44","1,556.30","1,527.82","7.73M","1.44%"
"10/26/2018","1,524.59","1,537.32","1,542.57","1,512.27","7.20M","-1.49%"
"10/25/2018","1,547.62","1,542.37","1,553.88","1,513.46","8.08M","-1.31%"
"10/24/2018","1,568.22","1,563.58","1,577.92","1,551.66","6.80M","0.60%"
"10/23/2018","1,558.93","1,542.97","1,572.06","1,542.37","8.57M","0.23%"
"10/22/2018","1,555.29","1,574.69","1,579.74","1,555.29","6.39M","-1.14%"
"10/19/2018","1,573.27","1,538.53","1,574.08","1,531.25","8.82M","3.11%"
"10/18/2018","1,525.80","1,511.86","1,544.99","1,509.64","5.76M","1.08%"
"10/17/2018","1,509.44","1,511.46","1,514.89","1,501.15","4.99M","0.57%"
"10/16/2018","1,500.95","1,482.17","1,502.16","1,477.72","6.39M","1.53%"
"10/15/2018","1,478.33","1,442.98","1,481.56","1,442.98","6.57M","2.39%"
"10/12/2018","1,443.78","1,469.64","1,476.51","1,443.78","8.38M","-1.53%"
"10/11/2018","1,466.21","1,488.23","1,497.92","1,463.78","9.73M","-2.16%"
"10/10/2018","1,498.53","1,499.34","1,515.09","1,495.09","4.80M","-0.17%"
"10/09/2018","1,501.15","1,502.77","1,504.81","1,480.68","4.57M","-0.07%"
"10/08/2018","1,502.16","1,521.76","1,526.41","1,499.54","4.42M","-1.34%"
"10/05/2018","1,522.57","1,548.43","1,549.23","1,522.57","3.93M","-1.50%"
"10/04/2018","1,545.80","1,568.83","1,573.07","1,539.13","5.47M","-1.53%"
"10/03/2018","1,569.84","1,561.15","1,574.28","1,555.90","4.20M","1.01%"
"10/02/2018","1,554.08","1,539.34","1,557.11","1,536.10","3.51M","0.43%"
"10/01/2018","1,547.42","1,554.49","1,554.49","1,536.31","5.00M","-0.31%"
"09/28/2018","1,552.26","1,564.99","1,568.28","1,552.06","4.94M","-0.34%"
"09/27/2018","1,557.52","1,548.02","1,559.54","1,544.99","4.39M","0.22%"
"09/26/2018","1,554.08","1,546.20","1,560.75","1,540.35","5.26M","0.22%"
"09/25/2018","1,550.65","1,539.94","1,555.97","1,531.46","4.91M","0.81%"
"09/24/2018","1,538.12","1,541.76","1,557.11","1,533.48","3.65M","-0.56%"
"09/21/2018","1,546.81","1,507.82","1,546.81","1,499.19","12.25M","3.07%"
"09/20/2018","1,500.75","1,508.83","1,511.26","1,493.28","5.43M","-0.73%"
"09/19/2018","1,511.86","1,513.48","1,529.01","1,494.29","5.78M","0.67%"
"09/18/2018","1,501.76","1,497.92","1,512.27","1,490.65","5.18M","-0.05%"
"09/17/2018","1,502.57","1,494.29","1,506.61","1,490.45","5.16M","0.23%"
"09/14/2018","1,499.13","1,511.46","1,515.30","1,492.27","5.51M","-0.76%"
"09/13/2018","1,510.65","1,517.52","1,519.13","1,504.99","3.63M","-0.45%"
"09/12/2018","1,517.52","1,509.03","1,522.97","1,501.36","4.95M","0.55%"
"09/11/2018","1,509.24","1,523.98","1,525.60","1,500.68","6.02M","-1.06%"
"09/10/2018","1,525.40","1,537.52","1,539.13","1,517.52","5.60M","-0.97%"
"09/07/2018","1,540.35","1,541.96","1,544.99","1,522.97","5.37M","-0.03%"
"09/06/2018","1,540.75","1,560.55","1,568.02","1,537.72","5.50M","-1.79%"
"09/05/2018","1,568.83","1,585.60","1,590.44","1,561.35","5.10M","-1.17%"
"09/04/2018","1,587.41","1,601.96","1,609.43","1,578.73","5.09M","-0.82%"
"09/03/2018","1,600.55","1,581.76","1,603.37","1,579.54","4.04M","1.55%"
"08/31/2018","1,576.10","1,600.14","1,609.43","1,575.90","6.46M","-1.91%"
"08/30/2018","1,606.81","1,604.79","1,608.42","1,596.91","3.31M","-0.57%"
"08/29/2018","1,616.10","1,618.73","1,624.18","1,609.03","5.27M","-0.15%"
"08/28/2018","1,618.52","1,628.62","1,632.26","1,610.24","4.18M","-0.04%"
"08/24/2018","1,619.13","1,617.51","1,623.98","1,613.68","3.28M","0.19%"
"08/23/2018","1,616.10","1,626.20","1,637.31","1,614.08","4.88M","-0.94%"
"08/22/2018","1,631.45","1,622.16","1,638.32","1,621.96","4.08M","0.15%"
"08/21/2018","1,629.03","1,630.04","1,650.93","1,626.60","5.86M","-0.41%"
"08/20/2018","1,635.70","1,629.23","1,647.54","1,623.84","5.70M","0.15%"
"08/17/2018","1,633.27","1,624.18","1,633.68","1,622.16","5.00M","0.43%"
"08/16/2018","1,626.20","1,609.03","1,626.20","1,605.39","7.96M","1.23%"
"08/15/2018","1,606.40","1,577.31","1,607.01","1,577.31","8.01M","1.95%"
"08/14/2018","1,575.70","1,574.28","1,589.03","1,570.24","5.53M","0.59%"
"08/13/2018","1,566.40","1,573.27","1,577.92","1,553.84","6.18M","-0.87%"
"08/10/2018","1,580.14","1,597.92","1,610.44","1,579.13","6.21M","-1.57%"
"08/09/2018","1,605.39","1,608.42","1,626.40","1,590.44","6.62M","-1.45%"
"08/08/2018","1,629.03","1,615.70","1,629.03","1,602.77","6.14M","0.56%"
"08/07/2018","1,619.94","1,592.67","1,622.77","1,588.63","7.40M","1.61%"
"08/06/2018","1,594.28","1,570.65","1,595.29","1,570.65","5.31M","1.62%"
"08/03/2018","1,568.83","1,557.52","1,570.65","1,550.04","6.89M","1.25%"
"08/02/2018","1,549.44","1,571.25","1,573.27","1,546.00","8.13M","-2.44%"
"08/01/2018","1,588.22","1,597.51","1,605.15","1,582.57","6.89M","-0.58%"
"07/31/2018","1,597.51","1,584.59","1,602.57","1,578.93","7.80M","1.06%"
"07/30/2018","1,580.75","1,562.36","1,581.96","1,554.99","7.73M","0.75%"
"07/27/2018","1,569.03","1,546.00","1,572.47","1,542.97","6.89M","1.12%"
"07/26/2018","1,551.66","1,548.83","1,567.01","1,499.13","13.64M","-0.40%"
"07/25/2018","1,557.92","1,577.52","1,613.88","1,555.90","10.68M","-0.93%"
"07/24/2018","1,572.47","1,575.29","1,580.75","1,563.98","6.44M","-0.50%"
"07/23/2018","1,580.34","1,582.97","1,587.94","1,565.80","6.22M","0.96%"
"07/20/2018","1,565.39","1,576.91","1,577.31","1,553.48","7.04M","-0.53%"
"07/19/2018","1,573.68","1,577.11","1,580.95","1,568.83","6.95M","-0.37%"
"07/18/2018","1,579.54","1,588.02","1,607.21","1,578.73","6.62M","0.18%"
"07/17/2018","1,576.71","1,571.66","1,583.67","1,565.80","4.91M","0.18%"
"07/16/2018","1,573.88","1,597.31","1,597.31","1,560.75","5.35M","-1.13%"
"07/13/2018","1,591.86","1,595.90","1,608.22","1,590.83","6.76M","-0.04%"
"07/12/2018","1,592.46","1,577.31","1,594.69","1,572.06","6.17M","1.51%"
"07/11/2018","1,568.83","1,565.60","1,578.53","1,562.77","4.48M","-0.66%"
"07/10/2018","1,579.33","1,574.49","1,598.36","1,564.99","5.55M","0.71%"
"07/09/2018","1,568.22","1,565.60","1,568.22","1,553.48","3.82M","0.31%"
"07/06/2018","1,563.37","1,557.92","1,564.59","1,542.08","4.10M","0.48%"
"07/05/2018","1,555.90","1,558.93","1,560.34","1,545.19","4.74M","-0.36%"
"07/04/2018","1,561.56","1,554.28","1,563.98","1,550.24","2.95M","0.19%"
"07/03/2018","1,558.53","1,543.38","1,571.66","1,538.53","7.62M","1.70%"
"07/02/2018","1,532.47","1,536.51","1,543.76","1,531.25","5.78M","-0.82%"
"06/29/2018","1,545.19","1,542.77","1,557.72","1,535.30","7.21M","1.49%"
"06/28/2018","1,522.57","1,526.20","1,538.12","1,517.32","6.04M","-0.68%"
"06/27/2018","1,533.07","1,520.35","1,536.91","1,513.07","7.36M","0.85%"
"06/26/2018","1,520.14","1,521.15","1,529.44","1,491.05","7.04M","0.27%"
"06/25/2018","1,516.10","1,548.43","1,558.73","1,514.89","9.03M","-2.91%"
"06/22/2018","1,561.56","1,550.24","1,564.18","1,532.47","7.15M","0.49%"
"06/21/2018","1,553.88","1,575.29","1,578.99","1,544.59","9.24M","-0.75%"
"06/20/2018","1,565.60","1,572.26","1,587.82","1,565.39","7.00M","0.00%"
"06/19/2018","1,565.60","1,559.54","1,581.23","1,550.04","8.63M","-0.18%"
"06/18/2018","1,568.43","1,564.38","1,572.26","1,552.67","5.47M","-0.21%"
"06/15/2018","1,571.66","1,591.66","1,600.18","1,571.05","12.08M","-1.53%"
"06/14/2018","1,596.10","1,561.56","1,606.00","1,561.56","12.09M","2.26%"
"06/13/2018","1,560.75","1,556.10","1,565.39","1,546.41","5.18M","0.19%"
"06/12/2018","1,557.72","1,560.55","1,578.67","1,550.65","6.20M","0.40%"
"06/11/2018","1,551.46","1,550.24","1,558.12","1,544.05","5.13M","0.52%"
"06/08/2018","1,543.38","1,527.21","1,554.08","1,527.21","5.41M","0.54%"
"06/07/2018","1,535.09","1,535.50","1,547.21","1,524.79","6.88M","0.25%"
"06/06/2018","1,531.25","1,531.46","1,535.09","1,516.71","6.31M","-0.26%"
"06/05/2018","1,535.30","1,544.59","1,545.19","1,524.79","6.83M","-0.44%"
"06/04/2018","1,542.16","1,548.43","1,554.08","1,536.10","5.20M","0.26%"
"06/01/2018","1,538.12","1,549.23","1,552.44","1,536.51","4.58M","-0.08%"
"05/31/2018","1,539.34","1,544.99","1,549.51","1,531.46","17.52M","-0.08%"
"05/30/2018","1,540.55","1,515.09","1,543.18","1,515.09","7.48M","1.84%"
"05/29/2018","1,512.67","1,508.83","1,519.94","1,498.93","10.37M","-0.16%"
"05/25/2018","1,515.09","1,511.05","1,517.32","1,503.38","6.31M","0.39%"
"05/24/2018","1,509.24","1,515.09","1,525.60","1,509.24","5.72M","-0.89%"
"05/23/2018","1,522.77","1,516.10","1,535.09","1,516.10","7.61M","-0.11%"
"05/22/2018","1,524.39","1,510.04","1,544.34","1,509.24","7.08M","0.83%"
"05/21/2018","1,511.86","1,510.04","1,515.90","1,502.77","4.12M","0.58%"
"05/18/2018","1,503.18","1,501.96","1,523.78","1,496.51","7.18M","-0.15%"
"05/17/2018","1,505.40","1,493.68","1,508.43","1,488.02","4.89M","0.83%"
"05/16/2018","1,493.07","1,478.13","1,496.10","1,477.12","6.53M","0.56%"
"05/15/2018","1,484.79","1,485.40","1,491.05","1,481.56","6.52M","-0.43%"
"05/14/2018","1,491.26","1,494.89","1,501.56","1,488.63","5.28M","0.68%"
"05/11/2018","1,481.16","1,484.79","1,499.74","1,473.08","5.41M","-0.72%"
"05/10/2018","1,491.86","1,483.78","1,507.01","1,476.51","4.57M","-0.11%"
"05/09/2018","1,493.48","1,486.21","1,493.68","1,470.25","6.23M","0.49%"
"05/08/2018","1,486.21","1,488.02","1,488.02","1,473.68","7.58M","0.15%"
"05/04/2018","1,483.98","1,477.32","1,484.59","1,463.18","5.39M","1.14%"
"05/03/2018","1,467.22","1,478.33","1,482.17","1,466.41","7.84M","-0.51%"
"05/02/2018","1,474.69","1,487.42","1,489.84","1,474.09","5.09M","-0.53%"
"05/01/2018","1,482.57","1,484.79","1,492.27","1,470.45","3.22M","0.44%"
"04/30/2018","1,476.11","1,489.84","1,492.67","1,472.87","6.43M","-0.26%"
"04/27/2018","1,479.94","1,457.72","1,482.77","1,453.48","7.77M","1.98%"
"04/26/2018","1,451.26","1,415.70","1,451.26","1,415.50","7.24M","1.74%"
"04/25/2018","1,426.41","1,481.16","1,489.64","1,409.85","11.77M","-3.42%"
"04/24/2018","1,476.91","1,459.54","1,482.37","1,456.51","6.68M","1.19%"
"04/23/2018","1,459.54","1,447.42","1,460.41","1,440.75","5.73M","1.05%"
"04/20/2018","1,444.39","1,433.28","1,449.44","1,426.75","7.00M","1.61%"
"04/19/2018","1,421.56","1,438.13","1,438.33","1,418.33","5.46M","-1.00%"
"04/18/2018","1,435.90","1,430.25","1,441.56","1,421.55","7.72M","0.64%"
"04/17/2018","1,426.81","1,425.40","1,429.24","1,413.48","5.14M","0.28%"
"04/16/2018","1,422.77","1,438.73","1,441.16","1,416.31","6.03M","-0.80%"
"04/13/2018","1,434.29","1,451.26","1,451.26","1,432.87","5.17M","-0.67%"
"04/12/2018","1,443.99","1,447.42","1,458.53","1,441.66","7.73M","-0.53%"
"04/11/2018","1,451.66","1,454.29","1,454.49","1,441.56","8.15M","-0.57%"
"04/10/2018","1,459.94","1,441.56","1,459.94","1,437.72","8.45M","1.69%"
"04/09/2018","1,435.70","1,437.12","1,446.81","1,426.41","4.69M","-0.08%"
"04/06/2018","1,436.91","1,432.07","1,444.19","1,428.35","7.31M","0.18%"
"04/05/2018","1,434.29","1,424.19","1,434.29","1,415.10","7.22M","1.76%"
"04/04/2018","1,409.44","1,409.24","1,412.74","1,388.23","9.02M","1.26%"
"04/03/2018","1,391.87","1,391.66","1,406.82","1,383.58","7.57M","-1.15%"
"03/29/2018","1,408.03","1,408.43","1,420.55","1,399.54","10.14M","-0.24%"
"03/28/2018","1,411.46","1,364.59","1,432.67","1,356.31","13.33M","3.43%"
"03/27/2018","1,364.59","1,333.28","1,398.33","1,328.23","16.05M","4.87%"
"03/26/2018","1,301.16","1,334.29","1,341.75","1,294.50","7.53M","-2.08%"
"03/23/2018","1,328.84","1,344.39","1,362.78","1,314.50","15.53M","3.28%"
"03/22/2018","1,286.62","1,300.76","1,307.98","1,282.58","7.43M","-1.73%"
"03/21/2018","1,309.24","1,313.28","1,313.28","1,299.90","5.05M","-0.09%"
"03/20/2018","1,310.46","1,320.15","1,322.17","1,309.04","4.13M","-0.34%"
"03/19/2018","1,314.90","1,336.31","1,338.74","1,312.88","4.15M","-1.63%"
"03/16/2018","1,336.72","1,323.79","1,339.95","1,321.16","11.29M","0.93%"
"03/15/2018","1,324.39","1,324.60","1,333.48","1,319.14","7.77M","0.17%"
"03/14/2018","1,322.17","1,329.24","1,337.12","1,320.56","5.97M","-0.56%"
"03/13/2018","1,329.65","1,349.65","1,353.13","1,323.51","8.76M","-1.61%"
"03/12/2018","1,351.46","1,350.45","1,360.35","1,345.61","4.02M","0.15%"
"03/09/2018","1,349.44","1,357.52","1,360.35","1,344.39","6.31M","-0.80%"
"03/08/2018","1,360.35","1,335.50","1,363.58","1,332.88","7.03M","1.95%"
"03/07/2018","1,334.29","1,319.55","1,339.34","1,314.50","6.71M","0.33%"
"03/06/2018","1,329.85","1,333.69","1,347.42","1,329.85","6.70M","0.60%"
"03/05/2018","1,321.97","1,303.99","1,322.17","1,301.97","4.64M","1.46%"
"03/02/2018","1,302.98","1,305.40","1,314.50","1,301.43","5.65M","-1.10%"
"03/01/2018","1,317.53","1,316.11","1,326.82","1,313.69","7.87M","-0.21%"
"02/28/2018","1,320.35","1,309.24","1,351.31","1,306.62","7.98M","0.26%"
"02/27/2018","1,316.92","1,318.13","1,323.59","1,308.43","5.95M","0.22%"
"02/26/2018","1,314.09","1,313.08","1,320.15","1,306.34","4.90M","0.39%"
"02/23/2018","1,309.04","1,312.68","1,334.60","1,303.80","4.56M","-0.54%"
"02/22/2018","1,316.11","1,317.32","1,336.51","1,308.43","5.46M","-1.63%"
"02/21/2018","1,337.93","1,331.06","1,342.58","1,326.62","4.57M","-0.03%"
"02/20/2018","1,338.33","1,325.20","1,345.40","1,323.65","6.07M","1.25%"
"02/19/2018","1,321.77","1,337.32","1,338.34","1,316.91","3.53M","-0.76%"
"02/16/2018","1,331.87","1,322.17","1,335.50","1,315.91","7.89M","1.40%"
"02/15/2018","1,313.49","1,306.62","1,322.17","1,299.95","5.87M","0.74%"
"02/14/2018","1,303.79","1,306.41","1,309.45","1,290.66","10.28M","-0.02%"
"02/13/2018","1,303.99","1,304.80","1,312.73","1,297.32","6.31M","-0.12%"
"02/12/2018","1,305.61","1,319.55","1,321.57","1,304.60","5.39M","0.12%"
"02/09/2018","1,303.99","1,303.59","1,316.92","1,295.10","9.59M","-0.98%"
"02/08/2018","1,316.92","1,299.75","1,345.20","1,297.93","14.37M","1.43%"
"02/07/2018","1,298.33","1,272.68","1,307.83","1,255.51","13.33M","3.43%"
"02/06/2018","1,255.31","1,262.58","1,275.71","1,247.63","12.64M","-2.94%"
"02/05/2018","1,293.28","1,309.04","1,309.93","1,289.04","9.96M","-2.32%"
"02/02/2018","1,323.99","1,310.05","1,329.04","1,308.64","6.60M","0.09%"
"02/01/2018","1,322.78","1,326.62","1,332.07","1,319.14","7.61M","-0.82%"
"01/31/2018","1,333.69","1,346.01","1,354.29","1,331.67","8.02M","-1.54%"
"01/30/2018","1,354.49","1,355.50","1,369.24","1,350.25","7.05M","-0.59%"
"01/29/2018","1,362.57","1,368.63","1,371.26","1,357.73","5.81M","-0.44%"
"01/26/2018","1,368.63","1,352.07","1,372.15","1,348.43","7.85M","1.50%"
"01/25/2018","1,348.43","1,356.31","1,363.18","1,343.79","6.57M","-0.89%"
"01/24/2018","1,360.55","1,371.87","1,378.74","1,353.89","8.18M","-1.28%"
"01/23/2018","1,378.13","1,365.00","1,389.57","1,363.91","6.64M","0.68%"
"01/22/2018","1,368.84","1,369.85","1,378.13","1,365.60","5.48M","-0.21%"
"01/19/2018","1,371.66","1,365.00","1,377.12","1,365.00","6.68M","0.35%"
"01/18/2018","1,366.82","1,373.89","1,376.11","1,354.70","10.77M","-0.44%"
"01/17/2018","1,372.88","1,379.34","1,391.64","1,371.46","8.92M","0.31%"
"01/16/2018","1,368.63","1,370.25","1,374.49","1,362.78","8.38M","0.15%"
"01/15/2018","1,366.61","1,364.19","1,369.24","1,354.09","5.52M","0.00%"
"01/12/2018","1,366.61","1,356.31","1,372.07","1,349.85","10.44M","1.68%"
"01/11/2018","1,343.99","1,349.44","1,355.50","1,341.16","7.17M","-0.03%"
"01/10/2018","1,344.39","1,355.30","1,360.55","1,333.48","10.61M","-1.17%"
"01/09/2018","1,360.35","1,373.08","1,375.24","1,356.51","7.92M","-0.49%"
"01/08/2018","1,367.02","1,380.35","1,395.91","1,365.00","8.19M","-0.56%"
"01/05/2018","1,374.70","1,356.51","1,374.70","1,351.46","8.08M","1.60%"
"01/04/2018","1,353.08","1,363.58","1,365.00","1,349.44","7.85M","-0.27%"
"01/03/2018","1,356.72","1,361.56","1,363.85","1,349.65","7.29M","1.62%"
"01/02/2018","1,335.10","1,336.31","1,336.31","1,325.00","6.77M","-0.05%"
"12/29/2017","1,335.81","1,313.08","1,335.81","1,313.08","3.78M","0.95%"
"12/28/2017","1,323.18","1,322.68","1,326.72","1,317.12","3.54M","-0.04%"
"12/27/2017","1,323.69","1,320.15","1,329.75","1,318.64","5.25M","0.65%"
"12/22/2017","1,315.10","1,326.21","1,329.75","1,313.59","3.89M","-1.36%"
"12/21/2017","1,333.28","1,319.65","1,334.29","1,317.12","9.93M","0.76%"
"12/20/2017","1,323.18","1,320.66","1,330.76","1,317.12","8.02M","0.00%"
"12/19/2017","1,323.18","1,319.14","1,329.24","1,316.62","7.96M","0.46%"
"12/18/2017","1,317.12","1,313.08","1,327.73","1,309.55","8.60M","0.69%"
"12/15/2017","1,308.03","1,305.51","1,313.59","1,300.96","14.79M","0.35%"
"12/14/2017","1,303.49","1,328.74","1,328.74","1,303.49","26.57M","-1.79%"
"12/13/2017","1,327.22","1,324.19","1,336.31","1,323.18","11.96M","-0.04%"
"12/12/2017","1,327.73","1,321.67","1,328.74","1,318.64","9.86M","0.88%"
"12/11/2017","1,316.11","1,299.45","1,320.66","1,299.45","8.49M","1.20%"
"12/08/2017","1,300.46","1,291.36","1,303.99","1,285.81","7.64M","0.94%"
"12/07/2017","1,288.33","1,293.89","1,301.97","1,287.83","11.81M","-0.20%"
"12/06/2017","1,290.86","1,285.30","1,305.00","1,282.78","7.65M","-0.08%"
"12/05/2017","1,291.87","1,303.99","1,312.07","1,290.86","9.33M","-0.89%"
"12/04/2017","1,303.49","1,312.58","1,316.11","1,303.49","6.60M","0.04%"
"12/01/2017","1,302.98","1,301.47","1,318.13","1,295.91","10.87M","0.82%"
"11/30/2017","1,292.37","1,314.60","1,356.68","1,290.35","16.38M","-2.14%"
"11/29/2017","1,320.66","1,340.86","1,356.68","1,304.66","14.92M","-2.17%"
"11/28/2017","1,349.95","1,326.72","1,357.02","1,304.66","11.11M","1.21%"
"11/27/2017","1,333.79","1,316.11","1,355.88","1,304.66","10.75M","1.77%"
"11/24/2017","1,310.56","1,323.18","1,330.25","1,304.50","4.82M","-0.61%"
"11/23/2017","1,318.64","1,310.56","1,320.91","1,305.84","6.05M","0.23%"
"11/22/2017","1,315.61","1,316.11","1,330.25","1,307.36","9.49M","-0.04%"
"11/21/2017","1,316.11","1,323.18","1,330.25","1,307.02","8.93M","-0.80%"
"11/20/2017","1,326.72","1,319.65","1,345.91","1,317.63","8.18M","0.42%"
"11/17/2017","1,321.16","1,326.21","1,331.10","1,313.08","5.25M","-0.76%"
"11/16/2017","1,331.26","1,326.21","1,333.79","1,320.15","13.93M","0.80%"
"11/15/2017","1,320.66","1,323.18","1,338.84","1,320.66","7.48M","-0.27%"
"11/14/2017","1,324.19","1,332.27","1,338.33","1,324.19","5.40M","-0.61%"
"11/13/2017","1,332.27","1,335.81","1,359.54","1,329.24","7.54M","0.08%"
"11/10/2017","1,331.26","1,362.57","1,374.70","1,328.74","7.61M","-2.12%"
"11/09/2017","1,360.05","1,363.08","1,378.74","1,358.69","10.11M","-1.17%"
"11/08/2017","1,376.21","1,358.53","1,382.27","1,356.04","10.34M","1.45%"
"11/07/2017","1,356.51","1,376.72","1,376.72","1,351.46","7.83M","-1.29%"
"11/06/2017","1,374.19","1,363.58","1,398.36","1,363.58","5.52M","-0.04%"
"11/03/2017","1,374.70","1,372.17","1,379.74","1,364.09","5.65M","0.18%"
"11/02/2017","1,372.17","1,357.52","1,379.75","1,349.44","11.23M","0.52%"
"11/01/2017","1,365.10","1,368.63","1,384.80","1,364.09","13.54M","-0.44%"
"10/31/2017","1,371.16","1,383.28","1,392.88","1,360.55","9.58M","-1.09%"
"10/30/2017","1,386.31","1,377.22","1,398.43","1,371.66","7.94M","0.44%"
"10/27/2017","1,380.25","1,383.79","1,398.80","1,364.59","15.98M","-0.98%"
"10/26/2017","1,393.89","1,425.20","1,447.92","1,380.76","24.83M","-3.43%"
"10/25/2017","1,443.38","1,527.21","1,547.42","1,436.81","18.54M","-5.52%"
"10/24/2017","1,527.72","1,534.79","1,539.34","1,517.11","6.54M","-0.46%"
"10/23/2017","1,534.79","1,541.36","1,545.20","1,532.09","5.22M","-0.26%"
"10/20/2017","1,538.83","1,558.53","1,560.04","1,532.77","6.89M","-0.81%"
"10/19/2017","1,551.46","1,543.88","1,552.97","1,539.84","7.28M","0.16%"
"10/18/2017","1,548.93","1,533.78","1,553.48","1,531.25","6.01M","1.15%"
"10/17/2017","1,531.25","1,531.76","1,539.13","1,526.03","5.89M","-0.20%"
"10/16/2017","1,534.28","1,537.32","1,537.82","1,529.23","7.03M","0.20%"
"10/13/2017","1,531.25","1,532.26","1,538.70","1,530.24","6.25M","-0.75%"
"10/12/2017","1,542.87","1,534.79","1,547.42","1,531.76","6.39M","0.69%"
"10/11/2017","1,532.26","1,530.75","1,534.79","1,526.20","12.09M","0.10%"
"10/10/2017","1,530.75","1,536.31","1,541.86","1,528.22","6.05M","-0.49%"
"10/09/2017","1,538.33","1,543.38","1,548.43","1,534.96","4.89M","-0.36%"
"10/06/2017","1,543.88","1,544.39","1,546.91","1,535.82","4.31M","0.33%"
"10/05/2017","1,538.83","1,525.19","1,538.83","1,523.68","5.44M","0.83%"
"10/04/2017","1,526.20","1,532.26","1,535.80","1,526.19","7.13M","-0.59%"
"10/03/2017","1,535.30","1,534.28","1,544.39","1,529.73","6.71M","-0.03%"
"10/02/2017","1,535.80","1,509.54","1,540.85","1,504.99","7.37M","2.15%"
"09/29/2017","1,503.48","1,497.42","1,513.07","1,497.42","7.42M","0.44%"
"09/28/2017","1,496.91","1,507.01","1,508.28","1,496.91","7.05M","-0.27%"
"09/27/2017","1,500.95","1,500.45","1,504.83","1,496.41","6.99M","0.27%"
"09/26/2017","1,496.91","1,496.91","1,504.49","1,487.32","7.11M","0.14%"
"09/25/2017","1,494.89","1,483.78","1,495.40","1,478.32","4.80M","0.41%"
"09/22/2017","1,488.83","1,477.22","1,497.92","1,472.17","5.23M","0.41%"
"09/21/2017","1,482.77","1,472.17","1,496.55","1,470.15","5.73M","0.96%"
"09/20/2017","1,468.63","1,464.59","1,478.73","1,459.04","6.65M","0.14%"
"09/19/2017","1,466.61","1,469.14","1,476.21","1,458.53","13.48M","-0.34%"
"09/18/2017","1,471.66","1,473.18","1,478.23","1,465.85","4.90M","0.21%"
"09/15/2017","1,468.63","1,495.40","1,498.65","1,467.62","19.38M","-1.79%"
"09/14/2017","1,495.40","1,506.00","1,512.06","1,489.34","9.93M","-0.70%"
"09/13/2017","1,506.00","1,505.50","1,513.07","1,487.82","11.15M","-0.37%"
"09/12/2017","1,511.56","1,519.64","1,526.71","1,510.55","6.46M","-0.10%"
"09/11/2017","1,513.07","1,514.08","1,521.15","1,504.49","7.42M","0.27%"
"09/08/2017","1,509.03","1,512.57","1,518.63","1,503.98","7.36M","-1.09%"
"09/07/2017","1,525.70","1,521.66","1,527.72","1,515.09","5.28M","0.30%"
"09/06/2017","1,521.15","1,522.67","1,530.24","1,509.03","7.76M","-0.50%"
"09/05/2017","1,528.73","1,531.25","1,537.82","1,524.69","5.74M","-0.13%"
"09/04/2017","1,530.75","1,543.88","1,543.88","1,525.70","2.80M","-1.11%"
"09/01/2017","1,547.92","1,547.42","1,558.53","1,544.89","5.60M","-0.07%"
"08/31/2017","1,548.93","1,537.82","1,550.95","1,535.68","6.80M","1.09%"
"08/30/2017","1,532.26","1,521.15","1,539.34","1,517.11","6.87M","1.23%"
"08/29/2017","1,513.58","1,510.04","1,520.65","1,500.45","6.42M","-1.38%"
"08/25/2017","1,534.79","1,541.86","1,545.90","1,533.53","3.98M","-0.23%"
"08/24/2017","1,538.33","1,531.25","1,547.92","1,531.25","6.32M","0.40%"
"08/23/2017","1,532.26","1,522.16","1,541.36","1,519.13","6.07M","0.86%"
"08/22/2017","1,519.13","1,497.42","1,520.14","1,497.42","5.44M","1.66%"
"08/21/2017","1,494.39","1,496.41","1,503.16","1,490.85","4.23M","-0.70%"
"08/18/2017","1,504.99","1,516.10","1,516.10","1,499.94","6.56M","-1.06%"
"08/17/2017","1,521.15","1,518.12","1,527.72","1,517.43","4.77M","0.13%"
"08/16/2017","1,519.13","1,513.58","1,544.30","1,512.06","5.12M","0.64%"
"08/15/2017","1,509.54","1,497.92","1,517.62","1,497.92","4.07M","0.95%"
"08/14/2017","1,495.40","1,495.40","1,498.93","1,485.49","5.17M","0.37%"
"08/11/2017","1,489.84","1,490.85","1,509.54","1,478.94","6.78M","-0.57%"
"08/10/2017","1,498.43","1,515.09","1,532.26","1,497.29","6.81M","-1.66%"
"08/09/2017","1,523.68","1,540.35","1,541.36","1,522.67","7.76M","-1.66%"
"08/08/2017","1,549.44","1,543.88","1,551.96","1,538.33","4.25M","0.49%"
"08/07/2017","1,541.86","1,547.92","1,553.48","1,538.83","4.02M","-0.49%"
"08/04/2017","1,549.44","1,543.38","1,551.96","1,537.32","4.87M","0.39%"
"08/03/2017","1,543.38","1,531.76","1,569.37","1,527.21","5.33M","0.73%"
"08/02/2017","1,532.26","1,531.25","1,537.32","1,526.20","4.54M","0.03%"
"08/01/2017","1,531.76","1,531.76","1,542.87","1,523.17","5.72M","0.13%"
"07/31/2017","1,529.74","1,544.89","1,549.44","1,528.61","9.93M","-0.26%"
"07/28/2017","1,533.78","1,560.55","1,560.55","1,528.73","8.91M","-0.82%"
"07/27/2017","1,546.41","1,555.50","1,557.52","1,532.26","11.11M","-0.94%"
"07/26/2017","1,561.05","1,617.54","1,622.67","1,555.50","10.87M","-2.55%"
"07/25/2017","1,601.96","1,617.11","1,622.67","1,594.64","6.55M","-0.60%"
"07/24/2017","1,611.55","1,631.25","1,634.12","1,601.45","10.38M","-1.21%"
"07/21/2017","1,631.25","1,644.38","1,648.42","1,630.75","5.02M","-0.62%"
"07/20/2017","1,641.35","1,627.21","1,646.43","1,625.70","5.89M","0.90%"
"07/19/2017","1,626.71","1,625.19","1,636.81","1,614.58","5.47M","0.66%"
"07/18/2017","1,616.10","1,616.10","1,625.19","1,605.81","5.90M","-0.06%"
"07/17/2017","1,617.11","1,623.17","1,633.27","1,615.09","5.01M","-0.47%"
"07/14/2017","1,624.69","1,636.30","1,636.60","1,619.64","4.68M","-0.59%"
"07/13/2017","1,634.28","1,645.90","1,647.92","1,629.74","6.98M","-0.61%"
"07/12/2017","1,644.38","1,631.25","1,652.97","1,627.21","7.54M","1.56%"
"07/11/2017","1,619.13","1,633.27","1,633.75","1,616.10","5.48M","-0.80%"
"07/10/2017","1,632.26","1,636.30","1,643.88","1,628.73","4.35M","0.09%"
"07/07/2017","1,630.75","1,624.69","1,638.83","1,620.45","5.56M","0.40%"
"07/06/2017","1,624.18","1,644.89","1,644.89","1,616.80","6.03M","-1.08%"
"07/05/2017","1,641.86","1,626.20","1,651.82","1,615.12","7.87M","-0.18%"
"07/04/2017","1,644.89","1,640.34","1,650.95","1,637.31","2.91M","-0.09%"
"07/03/2017","1,646.40","1,651.96","1,652.97","1,637.31","5.24M","-0.34%"
"06/30/2017","1,651.96","1,656.50","1,665.09","1,643.37","5.59M","-0.67%"
"06/29/2017","1,663.07","1,679.73","1,685.79","1,654.99","7.00M","-1.02%"
"06/28/2017","1,680.24","1,711.05","1,711.55","1,679.73","6.98M","-2.00%"
"06/27/2017","1,714.58","1,719.63","1,725.69","1,706.69","5.18M","-0.79%"
"06/26/2017","1,728.22","1,727.21","1,736.80","1,721.15","4.96M","0.15%"
"06/23/2017","1,725.69","1,737.31","1,738.82","1,725.35","4.07M","-0.78%"
"06/22/2017","1,739.33","1,708.52","1,741.85","1,701.96","8.93M","2.32%"
"06/21/2017","1,699.94","1,708.02","1,714.08","1,694.38","7.05M","-0.59%"
"06/20/2017","1,710.04","1,716.60","1,726.70","1,710.04","8.51M","-0.15%"
"06/19/2017","1,712.56","1,715.09","1,716.60","1,700.63","4.93M","0.62%"
"06/16/2017","1,701.96","1,701.96","1,711.05","1,692.86","15.98M","0.06%"
"06/15/2017","1,700.95","1,701.96","1,706.50","1,684.78","6.47M","-0.03%"
"06/14/2017","1,701.45","1,696.90","1,715.09","1,691.79","7.99M","0.03%"
"06/13/2017","1,700.95","1,719.63","1,720.64","1,698.42","6.74M","-0.68%"
"06/12/2017","1,712.56","1,706.00","1,715.59","1,700.44","4.50M","-0.15%"
"06/09/2017","1,715.09","1,723.17","1,741.35","1,701.45","7.93M","1.01%"
"06/08/2017","1,697.92","1,704.99","1,719.63","1,697.07","6.38M","-0.44%"
"06/07/2017","1,705.49","1,711.05","1,720.14","1,697.08","7.31M","-0.74%"
"06/06/2017","1,718.12","1,708.52","1,720.64","1,706.50","7.11M","0.59%"
"06/05/2017","1,708.02","1,720.14","1,725.19","1,702.97","5.35M","-0.88%"
"06/02/2017","1,723.17","1,731.25","1,739.83","1,716.60","8.07M","0.15%"
"06/01/2017","1,720.64","1,720.14","1,739.83","1,715.09","10.16M","0.00%"
"05/31/2017","1,720.64","1,695.39","1,729.23","1,690.34","22.74M","1.82%"
"05/30/2017","1,689.83","1,656.50","1,691.35","1,646.91","13.27M","1.79%"
"05/26/2017","1,660.04","1,642.87","1,666.10","1,642.87","7.44M","1.58%"
"05/25/2017","1,634.28","1,651.96","1,656.50","1,629.64","5.19M","-0.95%"
"05/24/2017","1,649.94","1,647.41","1,658.02","1,645.39","6.68M","0.25%"
"05/23/2017","1,645.90","1,653.47","1,676.22","1,642.87","8.33M","-0.76%"
"05/22/2017","1,658.52","1,671.15","1,672.16","1,658.02","5.89M","-0.33%"
"05/19/2017","1,664.08","1,667.61","1,668.34","1,656.00","7.47M","0.58%"
"05/18/2017","1,654.48","1,677.71","1,678.22","1,645.90","9.04M","-1.33%"
"05/17/2017","1,676.70","1,677.21","1,697.37","1,670.14","8.69M","-0.45%"
"05/16/2017","1,684.28","1,675.19","1,706.11","1,668.62","8.07M","0.54%"
"05/15/2017","1,675.19","1,676.70","1,676.70","1,662.06","7.33M","-0.39%"
"05/12/2017","1,681.75","1,666.60","1,681.75","1,651.96","10.34M","2.30%"
"05/11/2017","1,643.88","1,646.40","1,652.46","1,627.72","13.12M","0.15%"
"05/10/2017","1,641.35","1,619.64","1,641.52","1,618.12","9.64M","1.56%"
"05/09/2017","1,616.10","1,602.97","1,619.13","1,600.95","6.04M","0.60%"
"05/08/2017","1,606.50","1,596.91","1,619.52","1,595.90","6.80M","0.16%"
"05/05/2017","1,603.98","1,604.48","1,606.50","1,595.39","5.39M","-0.03%"
"05/04/2017","1,604.48","1,591.35","1,607.51","1,584.03","8.48M","1.21%"
"05/03/2017","1,585.29","1,588.83","1,591.86","1,577.72","5.45M","-0.16%"
"05/02/2017","1,587.82","1,580.24","1,587.82","1,573.68","8.86M","1.42%"
"04/28/2017","1,565.60","1,571.66","1,573.68","1,559.46","8.51M","-0.55%"
"04/27/2017","1,574.18","1,581.76","1,582.77","1,558.68","7.96M","-0.48%"
"04/26/2017","1,581.76","1,606.00","1,622.16","1,578.73","14.07M","-2.06%"
"04/25/2017","1,615.09","1,599.43","1,618.12","1,595.90","6.99M","0.88%"
"04/24/2017","1,600.95","1,601.96","1,607.51","1,589.84","6.80M","1.25%"
"04/21/2017","1,581.25","1,584.79","1,592.22","1,574.18","8.41M","0.19%"
"04/20/2017","1,578.22","1,587.82","1,610.50","1,578.08","9.16M","-0.73%"
"04/19/2017","1,589.84","1,595.90","1,603.47","1,587.31","8.35M","-0.79%"
"04/18/2017","1,602.46","1,664.08","1,665.59","1,602.46","10.41M","-3.67%"
"04/13/2017","1,663.57","1,656.00","1,663.57","1,647.41","6.58M","0.09%"
"04/12/2017","1,662.06","1,660.54","1,668.62","1,654.99","4.92M","0.03%"
"04/11/2017","1,661.55","1,656.50","1,669.13","1,651.45","8.20M","0.43%"
"04/10/2017","1,654.48","1,661.55","1,666.60","1,653.98","5.21M","0.06%"
"04/07/2017","1,653.47","1,653.98","1,664.08","1,646.91","7.20M","0.21%"
"04/06/2017","1,649.94","1,681.89","1,681.89","1,645.90","11.32M","-1.77%"
"04/05/2017","1,679.73","1,683.77","1,686.30","1,665.59","5.59M","0.12%"
"04/04/2017","1,677.71","1,679.73","1,682.76","1,664.24","6.68M","0.24%"
"04/03/2017","1,673.67","1,677.71","1,689.33","1,670.14","10.34M","-0.15%"
"03/31/2017","1,676.20","1,697.41","1,714.44","1,676.20","9.98M","-1.16%"
"03/30/2017","1,695.89","1,702.97","1,709.03","1,690.24","7.78M","0.03%"
"03/29/2017","1,695.39","1,701.96","1,706.50","1,682.26","7.57M","0.09%"
"03/28/2017","1,693.87","1,689.83","1,715.09","1,686.13","5.97M","0.00%"
"03/27/2017","1,693.87","1,682.26","1,694.04","1,675.69","5.62M","0.39%"
"03/24/2017","1,687.31","1,694.38","1,694.38","1,678.98","5.56M","-0.27%"
"03/23/2017","1,691.85","1,687.81","1,693.37","1,679.73","5.14M","0.27%"
"03/22/2017","1,687.31","1,691.85","1,703.71","1,686.30","8.01M","-0.60%"
"03/21/2017","1,697.41","1,706.00","1,706.00","1,689.83","6.49M","-0.47%"
"03/20/2017","1,705.49","1,698.93","1,706.50","1,693.37","4.10M","0.06%"
"03/17/2017","1,704.48","1,699.43","1,709.70","1,687.06","16.86M","-0.18%"
"03/16/2017","1,707.51","1,702.46","1,710.54","1,695.89","7.93M","0.48%"
"03/15/2017","1,699.43","1,703.98","1,708.52","1,696.90","5.19M","-0.36%"
"03/14/2017","1,705.49","1,700.95","1,709.53","1,698.04","5.82M","0.66%"
"03/13/2017","1,694.38","1,688.82","1,698.42","1,681.75","4.14M","0.30%"
"03/10/2017","1,689.33","1,691.85","1,695.89","1,683.52","5.11M","0.06%"
"03/09/2017","1,688.32","1,682.26","1,691.85","1,676.20","5.77M","0.00%"
"03/08/2017","1,688.32","1,687.31","1,694.88","1,662.06","7.78M","-0.21%"
"03/07/2017","1,691.85","1,698.93","1,704.99","1,681.75","8.77M","-0.56%"
"03/06/2017","1,701.45","1,696.90","1,705.49","1,692.36","4.20M","-0.21%"
"03/03/2017","1,704.99","1,687.81","1,710.09","1,686.30","6.14M","0.75%"
"03/02/2017","1,692.36","1,676.20","1,692.36","1,674.18","7.42M","0.54%"
"03/01/2017","1,683.27","1,668.12","1,683.44","1,658.52","8.27M","1.12%"
"02/28/2017","1,664.58","1,666.60","1,670.64","1,656.00","7.80M","0.21%"
"02/27/2017","1,661.05","1,662.56","1,666.73","1,651.45","4.77M","0.30%"
"02/24/2017","1,656.00","1,647.92","1,675.69","1,635.29","5.04M","0.43%"
"02/23/2017","1,648.93","1,646.91","1,668.12","1,640.23","4.90M","-1.27%"
"02/22/2017","1,670.14","1,666.60","1,671.65","1,651.76","6.68M","0.49%"
"02/21/2017","1,662.06","1,652.97","1,666.10","1,651.45","7.34M","0.55%"
"02/20/2017","1,652.97","1,651.45","1,658.52","1,646.40","6.18M","-0.18%"
"02/17/2017","1,656.00","1,638.32","1,656.13","1,627.21","11.34M","1.39%"
"02/16/2017","1,633.27","1,621.66","1,642.61","1,617.11","9.02M","1.41%"
"02/15/2017","1,610.54","1,610.54","1,612.17","1,597.92","6.56M","1.11%"
"02/14/2017","1,592.87","1,585.80","1,607.37","1,578.22","9.93M","-0.19%"
"02/13/2017","1,595.90","1,601.45","1,604.48","1,590.85","9.38M","-0.69%"
"02/10/2017","1,607.01","1,601.96","1,612.06","1,589.84","8.95M","0.89%"
"02/09/2017","1,592.87","1,578.73","1,605.49","1,571.42","7.96M","0.93%"
"02/08/2017","1,578.22","1,571.66","1,588.83","1,532.77","11.56M","0.00%"
"02/07/2017","1,578.22","1,580.24","1,591.86","1,576.20","7.25M","0.42%"
"02/06/2017","1,571.66","1,566.10","1,579.23","1,560.55","5.40M","0.55%"
"02/03/2017","1,563.07","1,563.07","1,570.14","1,559.03","4.76M","0.65%"
"02/02/2017","1,552.97","1,539.34","1,563.58","1,533.78","5.81M","0.16%"
"02/01/2017","1,550.45","1,557.52","1,586.45","1,548.43","5.82M","0.46%"
"01/31/2017","1,543.38","1,556.51","1,559.03","1,542.05","7.78M","-0.36%"
"01/30/2017","1,548.93","1,530.24","1,550.45","1,526.71","5.86M","0.89%"
"01/27/2017","1,535.30","1,544.39","1,544.39","1,531.25","8.33M","-0.59%"
"01/26/2017","1,544.39","1,544.39","1,548.43","1,536.81","7.47M","0.46%"
"01/25/2017","1,537.32","1,546.41","1,550.95","1,534.28","6.09M","-0.10%"
"01/24/2017","1,538.83","1,555.50","1,557.01","1,532.46","6.83M","-0.23%"
"01/23/2017","1,542.37","1,552.47","1,554.99","1,537.32","6.88M","-1.26%"
"01/20/2017","1,562.06","1,565.60","1,574.10","1,558.02","6.20M","-0.42%"
"01/19/2017","1,568.63","1,577.21","1,582.77","1,564.59","6.25M","-0.48%"
"01/18/2017","1,576.20","1,578.22","1,582.77","1,568.12","7.95M","0.58%"
"01/17/2017","1,567.11","1,589.84","1,597.41","1,565.60","6.60M","-1.83%"
"01/16/2017","1,596.40","1,607.51","1,616.61","1,595.39","4.86M","-0.32%"
"01/13/2017","1,601.45","1,595.90","1,601.60","1,586.81","6.62M","1.24%"
"01/12/2017","1,581.76","1,595.39","1,595.39","1,577.72","9.81M","-0.98%"
"01/11/2017","1,597.41","1,607.51","1,621.66","1,594.89","5.66M","-0.78%"
"01/10/2017","1,610.04","1,620.65","1,636.30","1,606.50","4.30M","-0.13%"
"01/09/2017","1,612.06","1,605.49","1,618.63","1,597.92","5.15M","0.79%"
"01/06/2017","1,599.43","1,597.41","1,606.50","1,592.87","3.77M","0.00%"
"01/05/2017","1,599.43","1,587.31","1,600.44","1,584.28","4.94M","0.76%"
"01/04/2017","1,587.31","1,580.24","1,588.86","1,571.15","4.94M","0.61%"
"01/03/2017","1,577.72","1,579.23","1,589.85","1,567.62","6.19M","0.00%"
"12/30/2016","1,577.72","1,571.66","1,577.72","1,567.62","3.74M","-0.03%"
"12/29/2016","1,578.22","1,558.53","1,579.23","1,557.01","4.39M","0.71%"
"12/28/2016","1,567.11","1,564.59","1,576.20","1,556.32","4.29M","0.16%"
"12/23/2016","1,564.59","1,554.49","1,564.59","1,553.98","1.64M","0.29%"
"12/22/2016","1,560.04","1,541.36","1,560.51","1,539.84","4.10M","1.08%"
"12/21/2016","1,543.38","1,545.40","1,552.65","1,538.79","3.65M","-0.59%"
"12/20/2016","1,552.47","1,549.94","1,572.32","1,542.87","7.46M","0.26%"
"12/19/2016","1,548.43","1,545.40","1,551.46","1,528.22","4.78M","0.46%"
"12/16/2016","1,541.36","1,536.31","1,563.17","1,533.17","10.67M","0.69%"
"12/15/2016","1,530.75","1,515.09","1,538.83","1,502.97","8.14M","1.71%"
"12/14/2016","1,504.99","1,511.05","1,515.06","1,500.13","6.54M","-0.70%"
"12/13/2016","1,515.60","1,491.36","1,519.64","1,486.31","6.76M","2.01%"
"12/12/2016","1,485.80","1,494.89","1,497.42","1,479.24","8.16M","-0.47%"
"12/09/2016","1,492.87","1,480.75","1,497.42","1,477.72","13.44M","1.23%"
"12/08/2016","1,474.69","1,480.25","1,484.79","1,471.47","8.59M","-0.17%"
"12/07/2016","1,477.22","1,477.72","1,486.31","1,468.13","9.88M","0.17%"
"12/06/2016","1,474.69","1,472.17","1,477.72","1,461.06","6.25M","0.07%"
"12/05/2016","1,473.68","1,473.68","1,498.93","1,472.42","6.01M","-0.55%"
"12/02/2016","1,481.76","1,476.71","1,486.31","1,466.11","5.24M","-0.10%"
"12/01/2016","1,483.28","1,488.33","1,503.27","1,473.36","9.45M","-1.81%"
"11/30/2016","1,510.55","1,522.16","1,535.80","1,510.10","14.17M","-0.83%"
"11/29/2016","1,523.17","1,537.32","1,554.84","1,519.51","7.34M","-1.28%"
"11/28/2016","1,542.87","1,549.44","1,559.54","1,539.34","4.90M","-0.84%"
"11/25/2016","1,556.00","1,535.30","1,563.58","1,535.30","6.03M","1.15%"
"11/24/2016","1,538.33","1,524.69","1,551.21","1,521.15","5.09M","1.20%"
"11/23/2016","1,520.14","1,533.78","1,538.79","1,512.94","8.47M","0.10%"
"11/22/2016","1,518.63","1,531.76","1,553.98","1,516.48","8.07M","-0.79%"
"11/21/2016","1,530.75","1,542.37","1,543.38","1,523.68","6.90M","-0.46%"
"11/18/2016","1,537.82","1,545.40","1,550.45","1,531.76","5.11M","-0.07%"
"11/17/2016","1,538.83","1,538.83","1,539.34","1,518.63","9.24M","-0.16%"
"11/16/2016","1,541.36","1,551.46","1,553.98","1,537.07","6.32M","-0.55%"
"11/15/2016","1,549.94","1,561.56","1,582.71","1,545.90","7.85M","-0.20%"
"11/14/2016","1,552.97","1,561.05","1,570.65","1,548.43","6.36M","0.20%"
"11/11/2016","1,549.94","1,590.85","1,592.36","1,544.82","11.15M","-2.48%"
"11/10/2016","1,589.33","1,631.76","1,636.30","1,571.48","12.49M","-1.63%"
"11/09/2016","1,615.59","1,586.81","1,632.77","1,583.27","19.34M","2.73%"
"11/08/2016","1,572.67","1,563.58","1,579.23","1,559.54","7.28M","0.52%"
"11/07/2016","1,564.59","1,563.58","1,584.55","1,556.51","7.73M","1.34%"
"11/04/2016","1,543.88","1,547.42","1,570.14","1,533.09","10.40M","-1.64%"
"11/03/2016","1,569.64","1,604.48","1,622.66","1,568.37","8.64M","-3.27%"
"11/02/2016","1,622.67","1,618.63","1,640.34","1,615.09","10.19M","0.16%"
"11/01/2016","1,620.14","1,622.67","1,633.27","1,612.89","7.72M","-0.90%"
"10/31/2016","1,634.79","1,639.84","1,650.95","1,620.14","8.92M","-0.55%"
"10/28/2016","1,643.88","1,659.03","1,662.90","1,639.33","14.88M","-0.18%"
"10/27/2016","1,646.91","1,642.87","1,665.09","1,632.77","12.48M","0.25%"
"10/26/2016","1,642.87","1,652.46","1,676.70","1,608.27","11.34M","-0.18%"
"10/25/2016","1,645.90","1,666.10","1,668.12","1,644.38","11.15M","-0.70%"
"10/24/2016","1,657.51","1,684.78","1,686.80","1,657.18","7.58M","-1.06%"
"10/21/2016","1,675.19","1,677.21","1,683.27","1,665.59","10.91M","-0.42%"
"10/20/2016","1,682.26","1,684.28","1,689.83","1,666.10","7.42M","0.03%"
"10/19/2016","1,681.75","1,683.77","1,686.81","1,673.17","4.83M","-0.12%"
"10/18/2016","1,683.77","1,683.77","1,694.38","1,673.67","6.76M","0.12%"
"10/17/2016","1,681.75","1,697.41","1,707.01","1,681.42","8.56M","-1.54%"
"10/14/2016","1,708.02","1,718.12","1,723.17","1,705.45","7.25M","-0.53%"
"10/13/2016","1,717.11","1,725.69","1,727.21","1,700.44","8.79M","0.00%"
"10/12/2016","1,717.11","1,730.74","1,741.35","1,714.08","6.06M","-1.11%"
"10/11/2016","1,736.30","1,739.33","1,763.13","1,731.25","6.04M","-0.20%"
"10/10/2016","1,739.83","1,733.27","1,744.38","1,722.66","4.97M","0.79%"
"10/07/2016","1,726.20","1,707.01","1,733.45","1,701.96","7.19M","1.70%"
"10/06/2016","1,697.41","1,711.55","1,711.55","1,691.35","5.29M","-0.50%"
"10/05/2016","1,706.00","1,708.02","1,710.04","1,695.89","5.72M","-0.41%"
"10/04/2016","1,713.07","1,689.83","1,725.69","1,685.79","17.24M","1.86%"
"10/03/2016","1,681.75","1,669.13","1,691.24","1,652.46","7.86M","1.34%"
"09/30/2016","1,659.53","1,661.55","1,661.55","1,642.21","7.93M","-0.27%"
"09/29/2016","1,664.08","1,670.64","1,681.25","1,658.52","4.81M","-0.45%"
"09/28/2016","1,671.65","1,662.56","1,687.81","1,661.55","6.61M","1.07%"
"09/27/2016","1,653.98","1,661.55","1,670.64","1,643.37","4.24M","0.24%"
"09/26/2016","1,649.94","1,664.58","1,665.59","1,649.94","4.34M","-1.18%"
"09/23/2016","1,669.63","1,666.10","1,671.48","1,660.04","3.77M","0.24%"
"09/22/2016","1,665.59","1,656.00","1,669.73","1,645.39","4.75M","1.20%"
"09/21/2016","1,645.90","1,671.65","1,673.09","1,643.88","5.49M","-0.94%"
"09/20/2016","1,661.55","1,645.39","1,672.61","1,638.95","6.98M","-0.03%"
"09/19/2016","1,662.06","1,643.88","1,662.56","1,640.85","6.68M","1.83%"
"09/16/2016","1,632.26","1,641.35","1,654.99","1,629.23","10.78M","-0.49%"
"09/15/2016","1,640.34","1,634.79","1,642.18","1,623.17","5.76M","0.65%"
"09/14/2016","1,629.74","1,601.96","1,638.32","1,599.43","7.50M","1.03%"
"09/13/2016","1,613.07","1,616.61","1,644.17","1,612.06","8.82M","0.31%"
"09/12/2016","1,608.02","1,599.94","1,616.10","1,597.41","5.91M","-0.47%"
"09/09/2016","1,615.59","1,637.31","1,640.34","1,610.54","6.47M","-1.54%"
"09/08/2016","1,640.85","1,647.41","1,661.05","1,637.82","6.46M","-0.49%"
"09/07/2016","1,648.93","1,641.86","1,649.94","1,634.28","5.58M","0.06%"
"09/06/2016","1,647.92","1,667.11","1,710.04","1,642.33","4.76M","-0.79%"
"09/05/2016","1,661.05","1,668.62","1,678.72","1,656.60","3.57M","-0.63%"
"09/02/2016","1,671.65","1,618.63","1,678.22","1,617.11","11.15M","3.47%"
"09/01/2016","1,615.59","1,663.57","1,665.09","1,613.07","7.09M","-2.41%"
"08/31/2016","1,655.49","1,657.51","1,667.11","1,646.40","6.41M","-0.33%"
"08/30/2016","1,661.05","1,661.55","1,669.63","1,656.00","6.58M","-0.30%"
"08/26/2016","1,666.10","1,671.15","1,671.15","1,655.49","5.33M","-0.21%"
"08/25/2016","1,669.63","1,658.02","1,673.17","1,645.31","7.30M","-0.33%"
"08/24/2016","1,675.19","1,677.71","1,693.05","1,668.75","3.40M","-0.21%"
"08/23/2016","1,678.72","1,686.80","1,689.83","1,676.70","3.74M","-0.12%"
"08/22/2016","1,680.74","1,688.32","1,695.39","1,668.12","4.19M","-0.27%"
"08/19/2016","1,685.29","1,691.85","1,696.90","1,681.75","4.97M","-0.36%"
"08/18/2016","1,691.35","1,702.46","1,704.03","1,686.77","5.42M","-0.36%"
"08/17/2016","1,697.41","1,712.06","1,720.14","1,694.88","5.31M","-0.53%"
"08/16/2016","1,706.50","1,724.18","1,732.13","1,703.98","5.14M","-1.31%"
"08/15/2016","1,729.23","1,713.57","1,731.75","1,706.59","4.19M","1.24%"
"08/12/2016","1,708.02","1,706.00","1,733.77","1,699.94","4.12M","-0.06%"
"08/11/2016","1,709.03","1,704.48","1,718.62","1,697.41","6.77M","-0.32%"
"08/10/2016","1,714.58","1,700.95","1,727.44","1,695.89","7.52M","0.74%"
"08/09/2016","1,701.96","1,697.92","1,705.93","1,686.30","6.73M","0.42%"
"08/08/2016","1,694.88","1,707.01","1,708.02","1,680.74","7.72M","-0.97%"
"08/05/2016","1,711.55","1,723.67","1,724.86","1,693.87","6.90M","-0.27%"
"08/04/2016","1,716.10","1,690.34","1,722.66","1,664.58","7.60M","1.58%"
"08/03/2016","1,689.33","1,709.53","1,712.06","1,676.70","6.30M","-1.04%"
"08/02/2016","1,707.01","1,722.16","1,733.20","1,701.96","6.22M","-0.62%"
"08/01/2016","1,717.61","1,704.48","1,722.54","1,696.90","5.86M","0.74%"
"07/29/2016","1,704.99","1,719.13","1,725.19","1,704.48","7.70M","-0.68%"
"07/28/2016","1,716.60","1,720.64","1,733.77","1,710.04","7.56M","0.18%"
"07/27/2016","1,713.57","1,692.36","1,731.25","1,675.19","8.46M","1.77%"
"07/26/2016","1,683.77","1,685.29","1,695.64","1,676.58","7.25M","0.60%"
"07/25/2016","1,673.67","1,684.28","1,689.83","1,666.86","3.62M","-0.15%"
"07/22/2016","1,676.20","1,654.99","1,680.87","1,650.57","4.24M","1.31%"
"07/21/2016","1,654.48","1,674.68","1,680.24","1,651.27","8.05M","-1.74%"
"07/20/2016","1,683.77","1,681.75","1,694.31","1,670.64","4.28M","0.76%"
"07/19/2016","1,671.15","1,665.09","1,679.23","1,658.14","3.85M","0.15%"
"07/18/2016","1,668.62","1,666.60","1,676.20","1,656.50","5.61M","0.12%"
"07/15/2016","1,666.60","1,649.43","1,670.64","1,643.88","8.50M","1.32%"
"07/14/2016","1,644.89","1,682.76","1,688.82","1,642.36","10.90M","-1.06%"
"07/13/2016","1,662.56","1,650.95","1,673.17","1,641.35","8.02M","0.43%"
"07/12/2016","1,655.49","1,678.22","1,679.73","1,642.58","7.70M","-1.41%"
"07/11/2016","1,679.23","1,678.22","1,707.28","1,664.58","6.74M","0.61%"
"07/08/2016","1,669.13","1,674.68","1,679.20","1,626.41","7.07M","-0.33%"
"07/07/2016","1,674.68","1,676.70","1,691.35","1,668.12","6.33M","0.36%"
"07/06/2016","1,668.62","1,669.63","1,683.27","1,649.43","10.85M","0.43%"
"07/05/2016","1,661.55","1,612.56","1,668.46","1,608.52","10.84M","2.75%"
"07/04/2016","1,617.11","1,618.12","1,632.77","1,614.58","5.63M","0.06%"
"07/01/2016","1,616.10","1,632.26","1,637.31","1,596.91","10.82M","-0.28%"
"06/30/2016","1,620.65","1,575.70","1,621.13","1,553.98","11.86M","2.89%"
"06/29/2016","1,575.19","1,541.86","1,575.19","1,517.75","11.31M","3.01%"
"06/28/2016","1,529.23","1,531.76","1,537.32","1,501.96","11.03M","1.75%"
"06/27/2016","1,502.97","1,479.74","1,525.19","1,477.22","14.18M","0.40%"
"06/24/2016","1,496.91","1,411.56","1,515.09","1,376.72","25.80M","3.71%"
"06/23/2016","1,443.38","1,441.36","1,459.54","1,429.74","5.30M","0.67%"
"06/22/2016","1,433.78","1,436.81","1,447.92","1,423.18","5.94M","0.21%"
"06/21/2016","1,430.75","1,424.69","1,438.66","1,418.13","7.93M","-0.04%"
"06/20/2016","1,431.26","1,419.64","1,445.40","1,414.59","7.79M","2.13%"
"06/17/2016","1,401.46","1,419.14","1,425.70","1,399.44","9.38M","-0.82%"
"06/16/2016","1,413.08","1,406.01","1,419.47","1,396.31","5.87M","0.04%"
"06/15/2016","1,412.57","1,411.06","1,432.27","1,409.54","6.46M","0.36%"
"06/14/2016","1,407.52","1,426.71","1,430.25","1,403.95","7.97M","-1.59%"
"06/13/2016","1,430.25","1,422.17","1,444.57","1,422.17","6.80M","0.18%"
"06/10/2016","1,427.72","1,448.93","1,449.44","1,418.30","7.70M","-1.87%"
"06/09/2016","1,455.00","1,465.10","1,465.10","1,446.41","5.57M","-0.65%"
"06/08/2016","1,464.59","1,472.67","1,474.19","1,457.52","5.22M","-0.82%"
"06/07/2016","1,476.71","1,485.30","1,490.85","1,470.15","6.55M","-0.58%"
"06/06/2016","1,485.30","1,474.69","1,496.16","1,473.68","4.77M","0.79%"
"06/03/2016","1,473.68","1,469.14","1,488.83","1,460.05","6.13M","1.00%"
"06/02/2016","1,459.04","1,461.06","1,467.12","1,449.44","5.72M","-0.21%"
"06/01/2016","1,462.07","1,456.01","1,469.64","1,450.28","5.69M","0.17%"
"05/31/2016","1,459.54","1,470.65","1,474.02","1,454.15","8.06M","-0.52%"
"05/27/2016","1,467.12","1,471.66","1,472.67","1,459.04","4.11M","-0.31%"
"05/26/2016","1,471.66","1,462.07","1,473.32","1,462.07","4.16M","0.21%"
"05/25/2016","1,468.63","1,460.55","1,469.64","1,459.23","4.54M","0.66%"
"05/24/2016","1,459.04","1,451.96","1,466.61","1,445.90","5.62M","0.45%"
"05/23/2016","1,452.47","1,452.97","1,462.07","1,443.38","4.61M","0.14%"
"05/20/2016","1,450.45","1,434.29","1,461.48","1,434.29","6.09M","2.03%"
"05/19/2016","1,421.66","1,452.47","1,455.50","1,421.66","6.42M","-2.09%"
"05/18/2016","1,451.96","1,454.49","1,462.91","1,447.59","7.53M","-0.45%"
"05/17/2016","1,458.53","1,473.68","1,494.49","1,457.52","3.96M","-0.41%"
"05/16/2016","1,464.59","1,462.07","1,464.59","1,447.42","4.18M","-0.21%"
"05/13/2016","1,467.62","1,454.49","1,469.14","1,446.41","5.40M","0.83%"
"05/12/2016","1,455.50","1,471.66","1,486.31","1,453.48","4.28M","-2.30%"
"05/11/2016","1,489.84","1,487.82","1,493.38","1,481.26","4.68M","0.00%"
"05/10/2016","1,489.84","1,484.79","1,495.90","1,474.69","6.29M","0.68%"
"05/09/2016","1,479.74","1,465.10","1,481.76","1,460.05","5.47M","1.74%"
"05/06/2016","1,454.49","1,470.65","1,474.69","1,447.92","5.27M","-0.66%"
"05/05/2016","1,464.09","1,468.13","1,473.18","1,457.52","4.35M","-0.10%"
"05/04/2016","1,465.60","1,486.31","1,493.38","1,453.34","7.37M","-1.39%"
"05/03/2016","1,486.31","1,490.35","1,494.89","1,468.13","6.64M","0.86%"
"04/29/2016","1,473.68","1,494.89","1,497.42","1,473.24","7.34M","-2.01%"
"04/28/2016","1,503.98","1,499.94","1,503.98","1,480.25","6.03M","0.03%"
"04/27/2016","1,503.48","1,465.60","1,515.09","1,457.02","9.93M","2.06%"
"04/26/2016","1,473.18","1,490.85","1,496.91","1,463.08","6.07M","-1.09%"
"04/25/2016","1,489.34","1,501.46","1,507.11","1,488.83","4.20M","-0.71%"
"04/22/2016","1,499.94","1,514.59","1,518.64","1,491.36","5.01M","-1.23%"
"04/21/2016","1,518.63","1,511.05","1,521.15","1,491.36","6.87M","0.53%"
"04/20/2016","1,510.55","1,516.61","1,517.11","1,492.69","6.23M","-0.37%"
"04/19/2016","1,516.10","1,525.19","1,528.73","1,509.03","6.13M","-0.60%"
"04/18/2016","1,525.19","1,513.07","1,529.74","1,512.06","5.07M","0.27%"
"04/15/2016","1,521.15","1,519.64","1,526.20","1,513.97","7.66M","0.27%"
"04/14/2016","1,517.11","1,507.52","1,519.98","1,499.44","8.54M","0.87%"
"04/13/2016","1,503.98","1,501.96","1,547.51","1,493.72","7.03M","0.68%"
"04/12/2016","1,493.88","1,482.77","1,494.39","1,470.15","4.87M","0.92%"
"04/11/2016","1,480.25","1,483.78","1,489.13","1,471.66","4.32M","-0.41%"
"04/08/2016","1,486.31","1,490.85","1,498.43","1,477.34","6.33M","-0.20%"
"04/07/2016","1,489.34","1,483.78","1,498.93","1,476.21","6.92M","0.89%"
"04/06/2016","1,476.21","1,438.98","1,477.72","1,433.65","8.10M","3.00%"
"04/05/2016","1,433.28","1,432.27","1,442.37","1,419.14","6.53M","-0.60%"
"04/04/2016","1,441.86","1,428.73","1,443.88","1,421.16","5.87M","0.92%"
"04/01/2016","1,428.73","1,415.60","1,431.26","1,399.95","9.01M","0.18%"
"03/31/2016","1,426.21","1,425.20","1,428.73","1,417.19","6.86M","0.00%"
"03/30/2016","1,426.21","1,421.66","1,434.29","1,420.65","9.19M","1.44%"
"03/29/2016","1,406.01","1,405.00","1,411.06","1,393.38","5.30M","0.18%"
"03/24/2016","1,403.48","1,406.01","1,412.57","1,398.43","4.21M","-0.50%"
"03/23/2016","1,410.55","1,412.07","1,415.60","1,406.01","6.28M","-0.04%"
"03/22/2016","1,411.06","1,393.89","1,451.03","1,379.24","13.16M","0.90%"
"03/21/2016","1,398.43","1,396.92","1,412.07","1,386.31","4.50M","-0.04%"
"03/18/2016","1,398.94","1,414.59","1,418.25","1,392.88","12.09M","-1.04%"
"03/17/2016","1,413.58","1,433.78","1,451.46","1,397.93","9.39M","-0.89%"
"03/16/2016","1,426.21","1,428.23","1,432.27","1,407.84","6.17M","-0.28%"
"03/15/2016","1,430.25","1,426.71","1,437.82","1,418.78","5.98M","0.43%"
"03/14/2016","1,424.19","1,417.62","1,433.78","1,411.06","5.70M","0.86%"
"03/11/2016","1,412.07","1,414.59","1,423.09","1,406.01","4.96M","0.87%"
"03/10/2016","1,399.95","1,425.70","1,435.80","1,399.81","7.17M","-1.21%"
"03/09/2016","1,417.12","1,411.06","1,425.70","1,408.03","6.69M","0.21%"
"03/08/2016","1,414.09","1,383.28","1,414.09","1,383.28","7.73M","1.82%"
"03/07/2016","1,388.84","1,380.76","1,393.89","1,375.71","4.52M","0.36%"
"03/04/2016","1,383.79","1,386.82","1,391.36","1,377.22","6.47M","0.00%"
"03/03/2016","1,383.79","1,405.00","1,408.53","1,378.74","8.89M","-1.86%"
"03/02/2016","1,410.05","1,418.63","1,433.78","1,399.79","10.06M","-1.34%"
"03/01/2016","1,429.24","1,416.11","1,432.77","1,406.01","6.41M","1.11%"
"02/29/2016","1,413.58","1,421.66","1,428.23","1,402.47","12.07M","-0.78%"
"02/26/2016","1,424.69","1,437.82","1,439.84","1,416.11","5.59M","0.25%"
"02/25/2016","1,421.16","1,390.86","1,422.17","1,389.34","7.35M","3.42%"
"02/24/2016","1,374.19","1,397.42","1,397.42","1,368.63","7.72M","-1.27%"
"02/23/2016","1,391.87","1,394.90","1,403.48","1,388.65","4.83M","-0.97%"
"02/22/2016","1,405.50","1,411.56","1,419.64","1,405.29","6.01M","0.58%"
"02/19/2016","1,397.42","1,393.38","1,451.46","1,387.32","5.81M","0.25%"
"02/18/2016","1,393.89","1,404.49","1,405.00","1,381.26","8.02M","-1.71%"
"02/17/2016","1,418.13","1,415.14","1,421.12","1,407.67","8.51M","0.46%"
"02/16/2016","1,411.65","1,412.15","1,414.14","1,395.72","5.90M","0.46%"
"02/15/2016","1,405.18","1,390.74","1,413.65","1,382.77","7.74M","3.48%"
"02/12/2016","1,357.88","1,351.90","1,359.37","1,336.96","8.28M","1.34%"
"02/11/2016","1,339.95","1,347.42","1,361.86","1,331.98","9.16M","-0.99%"
"02/10/2016","1,353.40","1,361.36","1,364.35","1,308.84","8.38M","-0.11%"
"02/09/2016","1,354.89","1,363.35","1,372.32","1,308.98","9.86M","-0.15%"
"02/08/2016","1,356.88","1,399.70","1,404.44","1,354.75","9.06M","-2.75%"
"02/05/2016","1,395.22","1,403.19","1,416.14","1,392.73","8.57M","-0.81%"
"02/04/2016","1,406.68","1,443.52","1,448.50","1,404.68","8.77M","-1.29%"
"02/03/2016","1,425.10","1,409.66","1,458.46","1,400.20","11.34M","0.35%"
"02/02/2016","1,420.12","1,421.12","1,433.07","1,414.14","7.09M","-0.59%"
"02/01/2016","1,428.58","1,444.02","1,451.49","1,413.65","8.20M","-0.31%"
"01/29/2016","1,433.07","1,419.12","1,433.07","1,405.68","10.75M","1.73%"
"01/28/2016","1,408.67","1,426.09","1,430.08","1,384.27","8.58M","-1.50%"
"01/27/2016","1,430.08","1,416.63","1,432.57","1,410.25","7.87M","1.45%"
"01/26/2016","1,409.66","1,379.79","1,418.63","1,376.80","7.96M","1.11%"
"01/25/2016","1,394.23","1,391.24","1,413.90","1,387.26","9.69M","0.61%"
"01/22/2016","1,385.76","1,383.77","1,391.24","1,377.79","7.02M","1.68%"
"01/21/2016","1,362.86","1,360.37","1,373.31","1,354.08","7.97M","0.81%"
"01/20/2016","1,351.90","1,357.38","1,366.34","1,345.93","7.33M","-2.34%"
"01/19/2016","1,384.27","1,377.79","1,397.21","1,375.30","6.82M","1.79%"
"01/18/2016","1,359.87","1,355.31","1,374.31","1,352.90","4.74M","0.15%"
"01/15/2016","1,357.88","1,372.82","1,389.25","1,345.43","11.24M","-1.23%"
"01/14/2016","1,374.81","1,370.33","1,382.43","1,351.15","9.39M","-0.29%"
"01/13/2016","1,378.79","1,369.83","1,389.43","1,367.84","5.78M","1.54%"
"01/12/2016","1,357.88","1,344.43","1,367.84","1,337.46","6.86M","1.19%"
"01/11/2016","1,341.94","1,357.88","1,361.86","1,341.45","6.06M","-1.75%"
"01/08/2016","1,365.84","1,346.42","1,375.98","1,341.59","8.42M","2.01%"
"01/07/2016","1,338.96","1,343.44","1,355.89","1,327.57","7.41M","-2.61%"
"01/06/2016","1,374.81","1,378.29","1,383.77","1,356.38","5.72M","-0.40%"
"01/05/2016","1,380.28","1,373.31","1,385.26","1,359.87","7.50M","1.58%"
"01/04/2016","1,358.87","1,353.40","1,360.86","1,340.45","8.76M","-0.62%"
"12/31/2015","1,367.34","1,374.31","1,380.78","1,363.85","1.24M","-0.79%"
"12/30/2015","1,378.29","1,385.26","1,386.26","1,372.34","2.70M","-0.54%"
"12/29/2015","1,385.76","1,381.28","1,385.76","1,371.82","3.66M","1.13%"
"12/24/2015","1,370.33","1,352.40","1,370.33","1,352.40","862.09K","0.44%"
"12/23/2015","1,364.35","1,348.42","1,367.34","1,340.45","4.18M","2.09%"
"12/22/2015","1,336.47","1,328.50","1,339.45","1,321.03","2.83M","0.79%"
"12/21/2015","1,326.01","1,323.52","1,346.92","1,323.02","4.04M","-0.19%"
"12/18/2015","1,328.50","1,329.99","1,342.44","1,323.07","9.20M","-0.56%"
"12/17/2015","1,335.97","1,338.46","1,363.85","1,335.97","7.01M","1.55%"
"12/16/2015","1,315.55","1,306.59","1,328.50","1,304.70","6.93M","0.96%"
"12/15/2015","1,303.10","1,280.20","1,307.09","1,273.77","7.07M","2.23%"
"12/14/2015","1,274.72","1,290.16","1,311.34","1,271.98","6.37M","-1.35%"
"12/11/2015","1,292.15","1,307.59","1,319.04","1,291.15","7.43M","-1.26%"
"12/10/2015","1,308.58","1,307.59","1,319.54","1,304.60","5.17M","-0.15%"
"12/09/2015","1,310.57","1,317.54","1,322.52","1,310.08","7.74M","0.15%"
"12/08/2015","1,308.58","1,319.54","1,341.81","1,306.59","5.24M","-0.72%"
"12/07/2015","1,318.04","1,322.52","1,348.67","1,316.05","3.17M","0.34%"
"12/04/2015","1,313.56","1,325.51","1,333.48","1,312.81","6.70M","-1.35%"
"12/03/2015","1,331.49","1,367.84","1,378.74","1,331.49","7.35M","-2.98%"
"12/02/2015","1,372.32","1,351.90","1,380.78","1,350.91","5.70M","2.00%"
"12/01/2015","1,345.43","1,354.89","1,354.89","1,337.96","5.63M","-0.33%"
"11/30/2015","1,349.91","1,361.86","1,364.35","1,347.42","5.43M","-0.73%"
"11/27/2015","1,359.87","1,364.85","1,368.33","1,354.49","4.18M","-0.44%"
"11/26/2015","1,365.84","1,346.42","1,368.83","1,340.95","3.28M","1.40%"
"11/25/2015","1,346.92","1,338.96","1,349.41","1,331.98","3.53M","0.71%"
"11/24/2015","1,337.46","1,333.98","1,344.21","1,319.46","5.96M","-0.11%"
"11/23/2015","1,338.96","1,348.42","1,348.42","1,326.01","3.59M","-1.21%"
"11/20/2015","1,355.39","1,346.92","1,360.86","1,343.93","5.50M","1.04%"
"11/19/2015","1,341.45","1,344.43","1,355.39","1,338.46","6.03M","-0.15%"
"11/18/2015","1,343.44","1,332.48","1,354.32","1,328.30","5.03M","0.26%"
"11/17/2015","1,339.95","1,320.53","1,354.24","1,317.05","5.55M","2.40%"
"11/16/2015","1,308.58","1,302.11","1,317.05","1,295.14","5.35M","0.11%"
"11/13/2015","1,307.09","1,317.05","1,328.50","1,295.34","7.59M","-1.43%"
"11/12/2015","1,326.01","1,351.90","1,353.89","1,325.51","6.64M","-3.06%"
"11/11/2015","1,367.84","1,366.34","1,378.79","1,362.36","4.03M","0.59%"
"11/10/2015","1,359.87","1,368.83","1,372.74","1,354.89","5.41M","-0.15%"
"11/09/2015","1,361.86","1,381.28","1,388.25","1,360.86","5.20M","-1.23%"
"11/06/2015","1,378.79","1,381.78","1,389.25","1,367.84","5.11M","-0.11%"
"11/05/2015","1,380.28","1,384.27","1,396.34","1,373.31","6.14M","-0.18%"
"11/04/2015","1,382.77","1,377.30","1,396.84","1,376.30","5.57M","0.87%"
"11/03/2015","1,370.82","1,394.23","1,396.22","1,361.18","6.15M","-1.47%"
"11/02/2015","1,391.24","1,388.75","1,397.71","1,379.79","5.58M","-0.57%"
"10/30/2015","1,399.21","1,395.72","1,408.53","1,394.72","6.81M","0.07%"
"10/29/2015","1,398.21","1,393.23","1,418.90","1,384.77","11.56M","-1.16%"
"10/28/2015","1,414.64","1,360.37","1,420.62","1,357.38","11.05M","3.88%"
"10/27/2015","1,361.86","1,357.88","1,372.82","1,349.23","5.61M","-0.11%"
"10/26/2015","1,363.35","1,364.35","1,376.30","1,358.37","4.69M","0.00%"
"10/23/2015","1,363.35","1,339.45","1,367.84","1,335.97","7.11M","2.39%"
"10/22/2015","1,331.49","1,325.01","1,338.46","1,319.54","6.74M","1.13%"
"10/21/2015","1,316.55","1,323.02","1,327.50","1,307.51","6.54M","-1.08%"
"10/20/2015","1,330.99","1,350.41","1,355.72","1,330.99","6.08M","-0.63%"
"10/19/2015","1,339.45","1,344.93","1,354.89","1,333.48","4.78M","-0.07%"
"10/16/2015","1,340.45","1,330.99","1,343.93","1,325.51","5.78M","1.09%"
"10/15/2015","1,326.01","1,315.55","1,329.00","1,312.40","5.00M","1.37%"
"10/14/2015","1,308.08","1,307.59","1,314.06","1,302.11","6.60M","-0.94%"
"10/13/2015","1,320.53","1,308.58","1,326.51","1,308.58","7.37M","1.53%"
"10/12/2015","1,300.61","1,306.09","1,306.09","1,287.17","4.32M","-0.31%"
"10/09/2015","1,304.60","1,298.62","1,309.08","1,290.16","6.35M","1.43%"
"10/08/2015","1,286.17","1,279.70","1,294.14","1,277.54","4.82M","0.54%"
"10/07/2015","1,279.20","1,300.12","1,306.59","1,277.21","8.52M","-1.68%"
"10/06/2015","1,301.11","1,311.57","1,311.57","1,295.14","4.28M","-0.46%"
"10/05/2015","1,307.09","1,294.64","1,309.58","1,288.17","4.83M","2.42%"
"10/02/2015","1,276.22","1,276.71","1,285.93","1,256.30","6.27M","1.07%"
"10/01/2015","1,262.77","1,275.72","1,292.65","1,262.27","6.88M","0.16%"
"09/30/2015","1,260.78","1,247.33","1,260.78","1,244.35","6.81M","2.30%"
"09/29/2015","1,232.40","1,229.91","1,242.36","1,222.44","6.75M","-1.04%"
"09/28/2015","1,245.34","1,268.75","1,275.72","1,244.85","6.66M","-2.99%"
"09/25/2015","1,283.68","1,266.75","1,292.15","1,266.75","5.64M","2.67%"
"09/24/2015","1,250.32","1,267.75","1,270.74","1,247.83","5.89M","-1.45%"
"09/23/2015","1,268.75","1,243.85","1,275.72","1,242.18","6.67M","2.17%"
"09/22/2015","1,241.86","1,270.74","1,271.24","1,236.38","9.95M","-3.30%"
"09/21/2015","1,284.18","1,281.69","1,299.12","1,276.71","4.93M","0.35%"
"09/18/2015","1,279.70","1,281.69","1,296.13","1,247.33","11.44M","-0.35%"
"09/17/2015","1,284.18","1,298.62","1,304.10","1,281.19","5.13M","-0.66%"
"09/16/2015","1,292.65","1,296.13","1,300.12","1,285.68","7.74M","0.62%"
"09/15/2015","1,284.68","1,279.70","1,292.18","1,265.01","4.70M","0.39%"
"09/14/2015","1,279.70","1,296.13","1,322.27","1,279.70","4.76M","-0.77%"
"09/11/2015","1,289.66","1,294.14","1,297.13","1,281.19","4.52M","-0.08%"
"09/10/2015","1,290.66","1,298.12","1,310.08","1,288.66","6.37M","-1.26%"
"09/09/2015","1,307.09","1,336.96","1,337.24","1,298.50","10.68M","-1.24%"
"09/08/2015","1,323.52","1,316.05","1,336.47","1,316.05","4.22M","1.14%"
"09/07/2015","1,308.58","1,313.06","1,326.51","1,306.09","3.76M","0.81%"
"09/04/2015","1,298.12","1,321.53","1,322.49","1,293.73","5.49M","-2.62%"
"09/03/2015","1,332.98","1,328.00","1,345.93","1,325.51","5.03M","1.44%"
"09/02/2015","1,314.06","1,294.64","1,325.01","1,294.14","6.72M","1.89%"
"09/01/2015","1,289.66","1,323.02","1,330.12","1,284.50","6.74M","-3.39%"
"08/28/2015","1,334.97","1,326.51","1,341.70","1,309.08","7.04M","0.71%"
"08/27/2015","1,325.51","1,304.10","1,328.50","1,296.13","7.26M","4.43%"
"08/26/2015","1,269.24","1,273.23","1,294.14","1,261.28","14.20M","-1.66%"
"08/25/2015","1,290.66","1,285.18","1,303.60","1,276.71","14.90M","1.09%"
"08/24/2015","1,276.71","1,283.19","1,301.26","1,242.36","18.69M","-3.21%"
"08/21/2015","1,319.04","1,351.40","1,357.55","1,319.04","8.11M","-3.36%"
"08/20/2015","1,364.85","1,360.86","1,372.82","1,360.37","4.89M","-0.58%"
"08/19/2015","1,372.82","1,397.71","1,397.71","1,372.68","5.78M","-1.75%"
"08/18/2015","1,397.21","1,407.67","1,411.98","1,394.72","4.02M","-0.53%"
"08/17/2015","1,404.68","1,404.19","1,410.66","1,393.05","3.53M","0.57%"
"08/14/2015","1,396.72","1,405.68","1,409.16","1,392.73","4.99M","-0.71%"
"08/13/2015","1,406.68","1,409.16","1,428.08","1,403.69","6.85M","-0.46%"
"08/12/2015","1,413.15","1,433.09","1,433.09","1,404.68","10.75M","-1.29%"
"08/11/2015","1,431.57","1,441.91","1,450.00","1,424.60","7.44M","-1.37%"
"08/10/2015","1,451.49","1,441.53","1,451.61","1,429.58","6.11M","0.52%"
"08/07/2015","1,444.02","1,446.01","1,447.16","1,435.06","7.55M","-0.48%"
"08/06/2015","1,450.99","1,418.63","1,461.45","1,412.15","13.43M","2.68%"
"08/05/2015","1,413.15","1,393.73","1,413.15","1,388.75","8.05M","1.29%"
"08/04/2015","1,395.22","1,395.22","1,406.68","1,389.07","7.51M","0.07%"
"08/03/2015","1,394.23","1,388.25","1,397.86","1,386.76","4.82M","0.29%"
"07/31/2015","1,390.24","1,389.25","1,393.06","1,376.80","9.25M","0.50%"
"07/30/2015","1,383.27","1,367.84","1,387.26","1,358.38","12.57M","1.05%"
"07/29/2015","1,368.83","1,329.49","1,378.79","1,327.50","17.85M","3.46%"
"07/28/2015","1,323.02","1,333.48","1,338.96","1,316.55","6.25M","-0.34%"
"07/27/2015","1,327.50","1,328.00","1,338.96","1,322.03","7.53M","-0.41%"
"07/24/2015","1,332.98","1,349.91","1,357.38","1,331.98","3.82M","-1.36%"
"07/23/2015","1,351.40","1,352.40","1,353.89","1,341.79","4.48M","0.52%"
"07/22/2015","1,344.43","1,355.89","1,357.88","1,338.46","5.79M","-1.64%"
"07/21/2015","1,366.84","1,376.80","1,380.09","1,360.86","4.37M","-0.54%"
"07/20/2015","1,374.31","1,376.30","1,377.62","1,368.83","4.35M","0.66%"
"07/17/2015","1,365.35","1,374.81","1,376.80","1,360.37","5.60M","-0.83%"
"07/16/2015","1,376.80","1,378.29","1,380.11","1,371.32","5.02M","0.00%"
"07/15/2015","1,376.80","1,379.29","1,384.73","1,370.33","5.95M","-0.72%"
"07/14/2015","1,386.76","1,376.30","1,386.76","1,376.30","4.28M","0.43%"
"07/13/2015","1,380.78","1,377.30","1,383.77","1,371.82","5.93M","1.20%"
"07/10/2015","1,364.35","1,373.81","1,375.47","1,358.38","7.05M","0.07%"
"07/09/2015","1,363.35","1,346.92","1,368.33","1,342.29","8.68M","1.37%"
"07/08/2015","1,344.93","1,336.47","1,362.66","1,334.47","5.28M","0.90%"
"07/07/2015","1,332.98","1,340.95","1,347.92","1,330.49","7.25M","-0.26%"
"07/06/2015","1,336.47","1,333.48","1,351.09","1,332.48","5.16M","-0.41%"
"07/03/2015","1,341.94","1,349.41","1,356.38","1,336.64","2.71M","-0.55%"
"07/02/2015","1,349.41","1,350.41","1,357.88","1,342.44","7.11M","0.48%"
"07/01/2015","1,342.94","1,326.01","1,348.42","1,322.62","7.07M","1.97%"
"06/30/2015","1,317.05","1,335.97","1,336.47","1,317.05","9.56M","-1.71%"
"06/29/2015","1,339.95","1,334.47","1,357.38","1,330.99","9.37M","-1.61%"
"06/26/2015","1,361.86","1,376.30","1,376.80","1,359.37","5.89M","-0.26%"
"06/25/2015","1,365.35","1,371.82","1,378.29","1,363.35","6.44M","-0.87%"
"06/24/2015","1,377.30","1,371.82","1,381.28","1,366.84","6.06M","0.40%"
"06/23/2015","1,371.82","1,377.79","1,383.27","1,363.85","5.67M","0.04%"
"06/22/2015","1,371.32","1,365.35","1,372.32","1,359.37","7.41M","1.47%"
"06/19/2015","1,351.40","1,359.37","1,412.89","1,348.91","10.36M","-0.22%"
"06/18/2015","1,354.39","1,348.91","1,354.39","1,300.12","8.38M","0.04%"
"06/17/2015","1,353.89","1,394.55","1,394.71","1,350.16","7.22M","-0.48%"
"06/16/2015","1,360.37","1,352.40","1,394.55","1,345.93","11.01M","1.11%"
"06/15/2015","1,345.43","1,359.87","1,370.48","1,342.26","8.42M","-1.60%"
"06/12/2015","1,367.34","1,383.27","1,386.76","1,364.55","5.99M","-1.01%"
"06/11/2015","1,381.28","1,378.29","1,394.23","1,376.30","6.86M","0.33%"
"06/10/2015","1,376.80","1,369.83","1,387.26","1,365.35","10.93M","0.47%"
"06/09/2015","1,370.33","1,383.38","1,385.26","1,366.34","6.84M","-0.72%"
"06/08/2015","1,380.28","1,388.75","1,390.89","1,379.61","5.28M","-0.89%"
"06/05/2015","1,392.73","1,412.17","1,412.17","1,379.19","9.22M","-0.92%"
"06/04/2015","1,405.68","1,434.06","1,434.06","1,403.19","8.55M","-1.81%"
"06/03/2015","1,431.57","1,439.04","1,440.04","1,427.94","8.30M","-0.24%"
"06/02/2015","1,435.06","1,445.62","1,453.23","1,431.57","8.50M","-1.03%"
"06/01/2015","1,450.00","1,444.02","1,457.96","1,435.20","7.44M","0.17%"
"05/29/2015","1,447.51","1,460.95","1,473.40","1,444.02","11.99M","-0.44%"
"05/28/2015","1,453.98","1,442.53","1,453.98","1,438.54","7.45M","1.04%"
"05/27/2015","1,439.04","1,418.63","1,461.95","1,417.13","6.10M","1.05%"
"05/26/2015","1,424.10","1,455.47","1,456.97","1,418.94","9.73M","-2.36%"
"05/22/2015","1,458.46","1,446.01","1,469.42","1,441.03","5.91M","0.97%"
"05/21/2015","1,444.52","1,441.53","1,454.98","1,439.04","5.42M","0.21%"
"05/20/2015","1,441.53","1,449.00","1,459.95","1,427.59","7.07M","0.35%"
"05/19/2015","1,436.55","1,429.08","1,451.18","1,421.12","6.68M","0.73%"
"05/18/2015","1,426.09","1,412.65","1,432.07","1,407.42","9.15M","0.95%"
"05/15/2015","1,412.65","1,430.08","1,443.02","1,405.68","8.54M","-0.84%"
"05/14/2015","1,424.60","1,416.63","1,426.09","1,390.24","8.11M","-1.38%"
"05/13/2015","1,444.52","1,447.01","1,453.48","1,439.36","5.62M","0.35%"
"05/12/2015","1,439.54","1,463.94","1,467.42","1,427.59","10.54M","-2.17%"
"05/11/2015","1,471.41","1,466.43","1,485.42","1,456.97","7.48M","-0.07%"
"05/08/2015","1,472.40","1,463.44","1,478.38","1,453.48","10.46M","2.18%"
"05/07/2015","1,441.03","1,520.01","1,520.01","1,441.03","17.86M","-4.46%"
"05/06/2015","1,508.25","1,493.81","1,538.13","1,453.98","14.98M","0.93%"
"05/05/2015","1,494.31","1,521.20","1,542.11","1,493.32","10.63M","-0.73%"
"05/01/2015","1,505.27","1,496.30","1,510.00","1,484.11","5.61M","-0.20%"
"04/30/2015","1,508.25","1,507.26","1,511.24","1,494.31","7.06M","0.07%"
"04/29/2015","1,507.26","1,532.65","1,569.79","1,505.27","6.86M","-1.59%"
"04/28/2015","1,531.66","1,541.12","1,545.60","1,511.74","11.09M","-1.54%"
"04/27/2015","1,555.56","1,531.16","1,565.02","1,513.73","9.24M","1.79%"
"04/24/2015","1,528.17","1,526.18","1,532.65","1,510.25","5.53M","0.26%"
"04/23/2015","1,524.19","1,539.13","1,546.60","1,516.47","7.52M","-1.16%"
"04/22/2015","1,542.11","1,566.51","1,572.99","1,531.16","9.42M","-1.68%"
"04/21/2015","1,568.50","1,581.95","1,592.90","1,564.52","5.89M","-0.38%"
"04/20/2015","1,574.48","1,572.49","1,585.93","1,567.01","5.07M","0.35%"
"04/17/2015","1,569.00","1,579.46","1,597.39","1,563.03","8.10M","-1.28%"
"04/16/2015","1,589.42","1,613.32","1,613.32","1,578.46","7.40M","-1.08%"
"04/15/2015","1,606.85","1,631.74","1,631.74","1,605.85","6.60M","-0.92%"
"04/14/2015","1,621.78","1,621.78","1,636.72","1,618.55","6.30M","-0.34%"
"04/13/2015","1,627.26","1,633.24","1,637.22","1,617.05","4.68M","-0.49%"
"04/10/2015","1,635.23","1,614.81","1,638.22","1,611.33","7.91M","1.89%"
"04/09/2015","1,604.85","1,594.40","1,606.35","1,593.40","5.20M","1.29%"
"04/08/2015","1,584.44","1,588.42","1,597.88","1,580.95","4.92M","0.00%"
"04/07/2015","1,584.44","1,565.52","1,587.68","1,561.91","4.84M","1.37%"
"04/02/2015","1,563.03","1,564.52","1,571.49","1,554.06","4.28M","0.26%"
"04/01/2015","1,559.04","1,487.13","1,578.09","1,487.13","7.84M","1.26%"
"03/31/2015","1,539.62","1,587.43","1,587.43","1,539.62","9.18M","-2.43%"
"03/30/2015","1,577.97","1,582.45","1,591.91","1,569.11","5.14M","0.96%"
"03/27/2015","1,563.03","1,563.53","1,577.79","1,548.96","5.18M","-0.35%"
"03/26/2015","1,568.50","1,577.97","1,590.91","1,566.02","6.56M","-1.29%"
"03/25/2015","1,588.92","1,599.38","1,602.36","1,586.08","5.01M","-0.78%"
"03/24/2015","1,601.37","1,610.33","1,615.81","1,601.37","7.18M","-0.46%"
"03/23/2015","1,608.84","1,627.26","1,629.88","1,600.37","6.67M","-1.19%"
"03/20/2015","1,628.26","1,631.25","1,633.24","1,615.26","18.36M","0.31%"
"03/19/2015","1,623.28","1,624.27","1,630.75","1,607.84","8.62M","0.40%"
"03/18/2015","1,616.80","1,590.41","1,618.30","1,583.44","7.30M","2.01%"
"03/17/2015","1,584.94","1,578.46","1,587.92","1,568.50","5.93M","0.92%"
"03/16/2015","1,570.50","1,563.03","1,578.96","1,550.58","6.62M","1.09%"
"03/13/2015","1,553.57","1,546.10","1,557.55","1,530.66","6.39M","0.74%"
"03/12/2015","1,542.11","1,520.70","1,547.72","1,518.71","7.30M","1.94%"
"03/11/2015","1,512.74","1,527.67","1,530.66","1,506.76","6.21M","-0.30%"
"03/10/2015","1,517.22","1,554.56","1,554.56","1,516.22","6.37M","-2.09%"
"03/09/2015","1,549.58","1,551.08","1,551.17","1,529.28","4.44M","-0.26%"
"03/06/2015","1,553.57","1,555.56","1,565.52","1,550.83","3.87M","-0.70%"
"03/05/2015","1,564.52","1,560.04","1,570.99","1,557.81","4.46M","0.32%"
"03/04/2015","1,559.54","1,543.11","1,560.54","1,538.38","5.06M","0.97%"
"03/03/2015","1,544.60","1,554.56","1,568.01","1,544.60","5.63M","-0.19%"
"03/02/2015","1,547.59","1,531.66","1,550.33","1,524.69","5.05M","0.81%"
"02/27/2015","1,535.14","1,548.59","1,548.59","1,531.66","6.97M","-0.80%"
"02/26/2015","1,547.59","1,535.64","1,550.58","1,535.14","4.77M","0.55%"
"02/25/2015","1,539.13","1,534.65","1,544.03","1,527.67","4.47M","-0.06%"
"02/24/2015","1,540.12","1,527.18","1,540.12","1,523.69","5.19M","0.75%"
"02/23/2015","1,528.67","1,521.20","1,529.67","1,515.72","4.70M","0.33%"
"02/20/2015","1,523.69","1,525.18","1,544.60","1,516.35","5.57M","0.23%"
"02/19/2015","1,520.20","1,526.18","1,546.10","1,519.21","5.50M","-1.86%"
"02/18/2015","1,549.09","1,556.06","1,556.06","1,539.62","7.51M","0.52%"
"02/17/2015","1,541.12","1,529.67","1,543.61","1,519.71","8.85M","0.36%"
"02/16/2015","1,535.64","1,542.11","1,548.34","1,532.16","4.41M","-0.71%"
"02/13/2015","1,546.60","1,522.20","1,550.08","1,513.73","12.88M","4.54%"
"02/12/2015","1,479.37","1,506.26","1,518.21","1,474.39","8.92M","-1.88%"
"02/11/2015","1,507.76","1,512.24","1,517.96","1,498.79","5.22M","-0.36%"
"02/10/2015","1,513.23","1,514.23","1,515.23","1,493.81","8.05M","-0.43%"
"02/09/2015","1,519.71","1,508.25","1,522.20","1,497.72","6.79M","0.56%"
"02/06/2015","1,511.24","1,495.81","1,530.94","1,489.33","9.28M","1.13%"
"02/05/2015","1,494.31","1,462.44","1,506.76","1,458.96","9.27M","1.66%"
"02/04/2015","1,469.91","1,450.99","1,501.78","1,445.51","13.57M","1.58%"
"02/03/2015","1,447.01","1,444.52","1,473.75","1,442.78","9.72M","-0.51%"
"02/02/2015","1,454.48","1,462.94","1,470.41","1,443.02","6.39M","-0.44%"
"01/30/2015","1,460.95","1,483.86","1,486.84","1,460.95","8.99M","-1.71%"
"01/29/2015","1,486.35","1,482.36","1,494.49","1,473.90","5.56M","-0.27%"
"01/28/2015","1,490.33","1,493.32","1,493.81","1,474.52","5.73M","0.84%"
"01/27/2015","1,477.88","1,489.83","1,501.28","1,469.04","7.01M","-0.97%"
"01/26/2015","1,492.32","1,481.86","1,499.29","1,479.87","5.29M","-0.10%"
"01/23/2015","1,493.81","1,483.36","1,494.31","1,474.89","8.47M","0.77%"
"01/22/2015","1,482.36","1,478.88","1,489.33","1,460.95","10.51M","1.57%"
"01/21/2015","1,459.46","1,444.02","1,459.95","1,437.17","7.69M","1.63%"
"01/20/2015","1,436.05","1,441.53","1,449.25","1,428.58","6.74M","0.21%"
"01/19/2015","1,433.07","1,424.60","1,442.03","1,420.62","3.82M","0.56%"
"01/16/2015","1,425.10","1,400.20","1,428.58","1,387.75","8.53M","1.27%"
"01/15/2015","1,407.17","1,394.23","1,408.17","1,355.39","11.16M","1.25%"
"01/14/2015","1,389.75","1,403.19","1,416.14","1,370.33","6.38M","-1.93%"
"01/13/2015","1,417.13","1,401.20","1,426.09","1,400.20","4.88M","0.74%"
"01/12/2015","1,406.68","1,410.16","1,415.14","1,388.82","5.13M","0.21%"
"01/09/2015","1,403.69","1,423.11","1,428.39","1,395.22","6.29M","-1.26%"
"01/08/2015","1,421.61","1,393.23","1,424.10","1,389.75","10.54M","3.52%"
"01/07/2015","1,373.31","1,330.04","1,380.28","1,330.04","7.28M","1.62%"
"01/06/2015","1,351.40","1,366.84","1,375.80","1,344.43","8.95M","-0.91%"
"01/05/2015","1,363.85","1,364.85","1,378.29","1,348.91","8.95M","-0.98%"
"01/02/2015","1,377.30","1,382.28","1,387.26","1,364.35","3.53M","0.51%"